OrderID;Date;CustomerID;ProdNumber;Quantity
1;01/01/2020;1866;EB514;2
2;01/01/2020;1567;RS706;3
3;01/01/2020;2064;TV804;6
4;01/01/2020;287;DK203;1
5;01/01/2020;422;EB517;5
6;01/01/2020;954;EB519;5
7;02/01/2020;726;RK604;2
8;02/01/2020;1740;TV810;1
9;02/01/2020;1652;TV804;2
10;02/01/2020;1431;DS304;2
11;02/01/2020;270;RK604;2
12;02/01/2020;815;DK201;5
13;02/01/2020;157;EB508;3
14;02/01/2020;179;BP107;2
15;02/01/2020;832;RK605;2
16;03/01/2020;1465;DK205;3
17;03/01/2020;678;RS702;2
18;03/01/2020;1644;DS301;4
19;03/01/2020;806;TV804;3
20;04/01/2020;997;DK209;2
21;04/01/2020;1272;TV804;3
22;04/01/2020;832;DK205;4
23;04/01/2020;1313;DS302;3
24;04/01/2020;638;RS702;5
25;05/01/2020;292;EB516;5
26;05/01/2020;1865;TV802;2
27;05/01/2020;1766;EB519;5
28;05/01/2020;281;EB517;4
29;06/01/2020;889;EB511;5
30;06/01/2020;435;EB518;6
31;06/01/2020;811;TV809;1
32;06/01/2020;148;DK203;3
33;06/01/2020;157;RS706;3
34;06/01/2020;841;RK606;4
35;07/01/2020;814;EB504;5
36;07/01/2020;1930;DS306;5
37;07/01/2020;426;RK605;4
38;07/01/2020;1336;TV804;2
39;07/01/2020;1708;EB501;1
40;07/01/2020;43;DS306;4
41;07/01/2020;378;EB502;6
42;07/01/2020;856;TV802;3
43;07/01/2020;1613;BP105;5
44;08/01/2020;587;RK602;1
45;08/01/2020;794;TV809;4
46;08/01/2020;2104;EB509;6
47;08/01/2020;1166;RK604;4
48;09/01/2020;1083;RS707;6
49;09/01/2020;371;EB513;5
50;09/01/2020;11;EB504;1
51;09/01/2020;1551;EB518;3
52;09/01/2020;1542;RS707;5
53;10/01/2020;2001;RS705;2
54;10/01/2020;647;DS304;2
55;10/01/2020;288;TV812;2
56;11/01/2020;934;DK208;4
57;12/01/2020;1653;EB509;6
58;12/01/2020;46;EB514;4
59;12/01/2020;1340;BP107;6
60;12/01/2020;366;RK606;3
61;13/01/2020;1798;EB513;4
62;13/01/2020;133;EB508;4
63;13/01/2020;1101;EB514;1
64;13/01/2020;894;TV809;5
65;14/01/2020;628;TV805;5
66;14/01/2020;1878;BP110;3
67;14/01/2020;1123;EB505;2
68;14/01/2020;1214;EB518;4
69;14/01/2020;1162;DS307;6
70;14/01/2020;1944;BP108;3
71;15/01/2020;185;BP110;5
72;15/01/2020;1202;EB505;5
73;15/01/2020;700;EB514;3
74;16/01/2020;1773;DK202;2
75;16/01/2020;96;DK205;5
76;17/01/2020;1264;EB503;4
77;17/01/2020;606;RK605;3
78;17/01/2020;1285;EB517;6
79;18/01/2020;897;DK209;3
80;18/01/2020;522;BP109;2
81;18/01/2020;653;EB521;3
82;18/01/2020;1845;TV804;2
83;18/01/2020;1052;EB504;6
84;19/01/2020;1751;DK205;3
85;19/01/2020;772;RK603;5
86;19/01/2020;1626;DK207;5
87;20/01/2020;99;EB518;1
88;20/01/2020;209;EB521;3
89;20/01/2020;459;EB511;4
90;21/01/2020;430;EB504;2
91;21/01/2020;1614;EB502;2
92;21/01/2020;681;RK602;4
93;21/01/2020;1634;RS707;4
94;21/01/2020;1792;EB517;2
95;21/01/2020;865;RS707;5
96;21/01/2020;932;DS307;4
97;21/01/2020;719;DS301;3
98;21/01/2020;1830;DS303;5
99;21/01/2020;1524;EB518;3
100;21/01/2020;847;RS704;6
101;21/01/2020;1002;RK606;2
102;22/01/2020;1326;DS306;3
103;22/01/2020;1833;DK202;5
104;22/01/2020;1302;DS302;1
105;22/01/2020;1103;EB521;3
106;22/01/2020;1830;DS305;4
107;23/01/2020;2035;TV813;5
108;23/01/2020;260;TV803;2
109;23/01/2020;1824;EB512;3
110;23/01/2020;1737;RS703;5
111;23/01/2020;160;DS305;5
112;23/01/2020;551;EB504;4
113;23/01/2020;1589;BP101;4
114;23/01/2020;275;DK206;4
115;23/01/2020;1523;TV811;4
116;24/01/2020;20;TV808;3
117;24/01/2020;908;DS305;2
118;24/01/2020;2031;DS301;3
119;24/01/2020;1436;BP109;3
120;24/01/2020;1599;EB504;4
121;24/01/2020;303;RK607;5
122;24/01/2020;5;TV804;1
123;25/01/2020;1078;DS306;5
124;25/01/2020;1646;BP107;5
125;25/01/2020;831;TV806;3
126;25/01/2020;1111;TV804;4
127;26/01/2020;1886;DK208;4
128;26/01/2020;2013;DS305;5
129;26/01/2020;1848;EB507;3
130;27/01/2020;1533;EB509;1
131;27/01/2020;1591;RS705;3
132;27/01/2020;345;EB503;5
133;27/01/2020;256;BP102;1
134;27/01/2020;1031;EB509;5
135;27/01/2020;216;EB513;4
136;27/01/2020;1839;EB520;5
137;28/01/2020;1802;TV805;3
138;28/01/2020;1306;EB502;4
139;28/01/2020;1942;EB509;3
140;29/01/2020;1842;BP105;4
141;29/01/2020;1344;EB504;4
142;29/01/2020;1161;TV802;5
143;30/01/2020;1227;EB514;4
144;30/01/2020;1157;RS703;5
145;30/01/2020;1572;DK206;4
146;30/01/2020;1696;BP107;3
147;30/01/2020;1741;RS703;3
148;31/01/2020;451;TV803;3
149;31/01/2020;961;DK208;4
150;31/01/2020;568;DS303;2
151;31/01/2020;2031;TV801;3
152;31/01/2020;1136;EB502;4
153;31/01/2020;1983;RK602;2
154;01/02/2020;1119;TV802;1
155;01/02/2020;685;TV808;5
156;01/02/2020;1505;DK209;3
157;01/02/2020;535;EB520;4
158;02/02/2020;1648;BP106;5
159;02/02/2020;645;BP106;5
160;02/02/2020;1036;BP110;4
161;02/02/2020;1628;BP108;2
162;02/02/2020;1996;EB511;5
163;02/02/2020;1585;RS703;2
164;03/02/2020;868;EB514;3
165;03/02/2020;1991;EB501;3
166;03/02/2020;604;DK202;2
167;03/02/2020;1070;RS707;5
168;04/02/2020;1825;RS703;4
169;04/02/2020;481;RK603;6
170;04/02/2020;2021;EB508;5
171;04/02/2020;500;BP109;3
172;04/02/2020;1320;TV812;3
173;05/02/2020;707;EB512;3
174;05/02/2020;1296;DK204;2
175;05/02/2020;496;RK605;5
176;05/02/2020;1547;DK202;3
177;05/02/2020;1508;TV813;2
178;06/02/2020;1267;DK208;3
179;06/02/2020;204;EB505;3
180;06/02/2020;1018;BP104;4
181;06/02/2020;770;DK209;3
182;06/02/2020;1081;BP110;3
183;07/02/2020;661;EB503;4
184;07/02/2020;302;EB504;4
185;07/02/2020;1589;BP102;4
186;07/02/2020;1084;EB505;2
187;07/02/2020;840;EB503;1
188;07/02/2020;510;DS307;5
189;08/02/2020;454;TV811;5
190;08/02/2020;1068;EB505;6
191;08/02/2020;1634;DK207;4
192;08/02/2020;1023;TV811;2
193;08/02/2020;958;DS304;3
194;08/02/2020;202;RS706;4
195;09/02/2020;1634;EB513;3
196;09/02/2020;1761;BP105;3
197;09/02/2020;934;RS704;4
198;09/02/2020;1033;BP105;3
199;09/02/2020;1905;EB509;2
200;09/02/2020;922;DK202;6
201;09/02/2020;456;RK602;3
202;10/02/2020;1614;DK207;1
203;10/02/2020;312;TV802;2
204;10/02/2020;203;EB513;3
205;10/02/2020;1289;RK602;3
206;11/02/2020;1894;DK207;5
207;11/02/2020;1951;EB516;4
208;11/02/2020;1290;DS302;3
209;11/02/2020;802;EB512;3
210;11/02/2020;1399;RS705;2
211;12/02/2020;1119;DS301;4
212;12/02/2020;2059;BP102;6
213;12/02/2020;1584;EB514;5
214;12/02/2020;680;DS305;1
215;12/02/2020;156;TV808;5
216;12/02/2020;1549;RS704;6
217;12/02/2020;1797;TV809;5
218;12/02/2020;906;DK203;4
219;13/02/2020;1233;DS306;2
220;13/02/2020;1043;RS704;5
221;13/02/2020;1161;TV807;5
222;13/02/2020;1002;EB519;5
223;13/02/2020;848;RK605;4
224;14/02/2020;1905;TV804;4
225;14/02/2020;240;DK207;2
226;14/02/2020;150;RS703;3
227;15/02/2020;2040;BP105;3
228;15/02/2020;1414;BP105;6
229;15/02/2020;560;DK208;2
230;15/02/2020;1170;BP106;2
231;15/02/2020;866;EB513;5
232;16/02/2020;1198;EB514;2
233;16/02/2020;962;DS303;1
234;16/02/2020;1114;EB504;4
235;16/02/2020;1123;TV813;3
236;16/02/2020;1457;RS704;3
237;16/02/2020;132;DS302;5
238;16/02/2020;1946;DS301;3
239;16/02/2020;1879;EB511;3
240;17/02/2020;422;EB511;4
241;17/02/2020;1861;TV811;3
242;18/02/2020;633;EB502;4
243;18/02/2020;1932;DK207;6
244;18/02/2020;1447;BP102;4
245;18/02/2020;973;DK208;4
246;18/02/2020;2082;DK201;5
247;18/02/2020;735;TV812;3
248;18/02/2020;1434;DS301;5
249;19/02/2020;724;EB516;2
250;19/02/2020;867;RS705;6
251;20/02/2020;1909;BP110;5
252;20/02/2020;1928;EB506;4
253;20/02/2020;126;DK205;5
254;20/02/2020;678;DK204;4
255;21/02/2020;1950;EB519;4
256;21/02/2020;1946;RS704;5
257;21/02/2020;1480;DK207;2
258;21/02/2020;1647;BP107;3
259;21/02/2020;1578;BP105;3
260;21/02/2020;1226;DK209;5
261;21/02/2020;1204;TV811;5
262;21/02/2020;198;BP108;5
263;21/02/2020;340;TV801;3
264;22/02/2020;1006;BP106;4
265;24/02/2020;497;BP110;2
266;24/02/2020;2101;EB519;2
267;24/02/2020;1454;DK201;1
268;24/02/2020;2099;RK604;2
269;24/02/2020;28;TV808;2
270;24/02/2020;146;TV812;1
271;25/02/2020;813;DS304;2
272;25/02/2020;1603;EB519;1
273;25/02/2020;505;EB520;3
274;25/02/2020;119;RS703;3
275;25/02/2020;1421;EB511;3
276;25/02/2020;1959;EB509;5
277;25/02/2020;1863;RK607;3
278;25/02/2020;680;EB521;1
279;25/02/2020;1742;BP105;4
280;25/02/2020;1608;BP107;3
281;26/02/2020;607;EB512;3
282;26/02/2020;1802;DK206;3
283;26/02/2020;1500;EB514;4
284;26/02/2020;1911;EB520;5
285;26/02/2020;915;TV807;5
286;26/02/2020;653;EB508;2
287;27/02/2020;1187;RK602;4
288;27/02/2020;580;TV804;4
289;28/02/2020;133;EB511;5
290;28/02/2020;1334;RS707;3
291;28/02/2020;522;EB519;4
292;28/02/2020;1851;EB502;4
293;28/02/2020;705;DS305;4
294;29/02/2020;363;EB518;1
295;29/02/2020;599;RS703;5
296;01/03/2020;1474;DK204;3
297;01/03/2020;1309;BP105;4
298;01/03/2020;1258;RS703;3
299;01/03/2020;1565;EB511;3
300;01/03/2020;358;RK603;2
301;02/03/2020;2041;RK602;4
302;02/03/2020;2022;DS303;4
303;02/03/2020;1688;TV804;2
304;02/03/2020;1223;EB506;2
305;02/03/2020;1712;DK205;5
306;02/03/2020;423;DK202;2
307;02/03/2020;1711;BP110;2
308;02/03/2020;912;BP109;5
309;02/03/2020;1570;DS304;4
310;03/03/2020;1726;RK605;3
311;03/03/2020;981;TV805;2
312;03/03/2020;1884;RS706;5
313;03/03/2020;1289;EB506;3
314;03/03/2020;1209;TV812;3
315;03/03/2020;404;RS702;1
316;03/03/2020;1102;RS703;3
317;03/03/2020;1520;DS302;3
318;03/03/2020;2045;EB508;4
319;04/03/2020;1445;DK208;1
320;04/03/2020;183;EB513;5
321;04/03/2020;1923;BP108;2
322;05/03/2020;1880;TV808;4
323;06/03/2020;321;DK204;3
324;06/03/2020;902;DK202;2
325;06/03/2020;281;EB513;1
326;07/03/2020;6;BP107;5
327;07/03/2020;1909;TV806;4
328;07/03/2020;1582;DS301;5
329;07/03/2020;1374;RK602;5
330;08/03/2020;1694;RK603;2
331;08/03/2020;1223;RS705;1
332;08/03/2020;1648;DS302;5
333;08/03/2020;1783;EB506;5
334;09/03/2020;1078;TV805;6
335;09/03/2020;1149;DS307;1
336;09/03/2020;1238;TV813;3
337;09/03/2020;1193;EB507;6
338;09/03/2020;797;RK602;4
339;09/03/2020;134;RS702;3
340;10/03/2020;460;TV804;1
341;10/03/2020;1072;BP101;3
342;10/03/2020;760;EB506;2
343;10/03/2020;331;RK604;4
344;11/03/2020;426;BP108;4
345;11/03/2020;1073;RK605;3
346;11/03/2020;1899;BP110;3
347;12/03/2020;1025;EB501;3
348;12/03/2020;2061;BP108;2
349;12/03/2020;1523;RS704;3
350;12/03/2020;508;RK606;2
351;13/03/2020;200;RS706;4
352;13/03/2020;2090;DS306;5
353;13/03/2020;1847;RS703;2
354;13/03/2020;1502;DS302;5
355;13/03/2020;1850;BP110;4
356;14/03/2020;2044;TV812;3
357;14/03/2020;1203;RK604;5
358;14/03/2020;187;TV802;5
359;15/03/2020;380;EB514;1
360;15/03/2020;141;DK209;4
361;15/03/2020;670;BP104;1
362;15/03/2020;2079;BP110;4
363;15/03/2020;430;RK604;2
364;16/03/2020;274;RS707;4
365;16/03/2020;2114;RK603;3
366;16/03/2020;675;RS705;3
367;17/03/2020;1503;RS705;3
368;17/03/2020;798;EB508;3
369;17/03/2020;488;TV806;5
370;17/03/2020;1573;DS307;5
371;17/03/2020;2088;BP105;6
372;17/03/2020;1714;EB504;2
373;18/03/2020;1291;BP110;1
374;18/03/2020;445;BP110;6
375;18/03/2020;2103;RS702;3
376;18/03/2020;1778;EB517;3
377;19/03/2020;1092;BP102;3
378;19/03/2020;686;DK208;4
379;20/03/2020;372;EB505;3
380;20/03/2020;1935;RS703;5
381;20/03/2020;1446;BP109;4
382;21/03/2020;19;RK607;5
383;21/03/2020;1907;TV805;3
384;21/03/2020;1111;BP110;4
385;21/03/2020;940;BP104;6
386;21/03/2020;2077;DK206;4
387;22/03/2020;724;TV809;4
388;22/03/2020;22;RK603;5
389;22/03/2020;479;EB511;5
390;22/03/2020;966;BP110;1
391;22/03/2020;1307;BP102;4
392;22/03/2020;1648;DK207;4
393;23/03/2020;1645;TV808;5
394;23/03/2020;1539;EB503;4
395;23/03/2020;114;EB506;4
396;23/03/2020;187;BP107;1
397;24/03/2020;1894;EB503;3
398;24/03/2020;551;TV807;4
399;24/03/2020;1695;DK206;5
400;24/03/2020;71;TV808;4
401;24/03/2020;173;DK202;3
402;25/03/2020;354;DS301;2
403;25/03/2020;252;DK202;4
404;26/03/2020;1256;BP101;2
405;26/03/2020;170;DK203;5
406;26/03/2020;2115;DS307;1
407;27/03/2020;682;TV813;3
408;27/03/2020;630;BP110;2
409;27/03/2020;735;EB514;6
410;27/03/2020;897;BP108;1
411;27/03/2020;1147;RK606;3
412;27/03/2020;1420;TV804;3
413;28/03/2020;1135;RS707;5
414;28/03/2020;356;DS306;5
415;28/03/2020;1254;EB504;4
416;29/03/2020;1566;EB505;5
417;29/03/2020;507;TV811;1
418;29/03/2020;905;TV804;4
419;29/03/2020;1709;RS707;3
420;29/03/2020;420;TV810;4
421;30/03/2020;319;TV806;2
422;30/03/2020;2088;DK208;2
423;30/03/2020;18;DS302;3
424;31/03/2020;1559;DK201;3
425;31/03/2020;415;EB514;2
426;31/03/2020;723;EB514;4
427;01/04/2020;1749;BP110;3
428;01/04/2020;1503;RS703;2
429;01/04/2020;406;DK207;1
430;01/04/2020;635;DK208;3
431;01/04/2020;231;BP110;3
432;01/04/2020;1303;TV810;1
433;01/04/2020;553;EB518;1
434;01/04/2020;1041;EB504;5
435;01/04/2020;400;DS307;5
436;01/04/2020;1737;EB513;5
437;02/04/2020;1010;TV803;3
438;02/04/2020;211;RS704;5
439;02/04/2020;1355;TV805;4
440;03/04/2020;763;DK203;6
441;03/04/2020;1714;BP101;5
442;03/04/2020;1389;BP105;3
443;03/04/2020;1416;DS302;4
444;03/04/2020;1972;EB511;2
445;03/04/2020;779;RK602;3
446;03/04/2020;1110;EB516;4
447;03/04/2020;209;TV802;1
448;03/04/2020;472;DK209;4
449;03/04/2020;2067;RK605;1
450;03/04/2020;190;EB505;5
451;03/04/2020;562;DS305;5
452;03/04/2020;107;DS302;3
453;04/04/2020;1418;RS702;2
454;04/04/2020;1815;EB505;3
455;04/04/2020;303;DK205;3
456;04/04/2020;480;EB513;4
457;05/04/2020;1365;DK206;2
458;05/04/2020;848;BP101;4
459;05/04/2020;979;DK205;2
460;05/04/2020;756;TV809;5
461;05/04/2020;20;RK607;6
462;05/04/2020;1378;TV802;2
463;05/04/2020;1059;RS704;3
464;06/04/2020;1315;BP110;4
465;06/04/2020;631;BP104;6
466;06/04/2020;735;DS304;2
467;06/04/2020;403;EB519;4
468;06/04/2020;1420;EB516;3
469;07/04/2020;385;BP105;5
470;07/04/2020;1101;DS301;5
471;07/04/2020;1869;EB518;3
472;07/04/2020;345;RK602;5
473;07/04/2020;335;EB520;5
474;07/04/2020;1209;TV810;2
475;07/04/2020;1173;TV811;4
476;07/04/2020;314;EB507;3
477;08/04/2020;98;EB513;6
478;09/04/2020;1676;EB504;5
479;09/04/2020;962;RS706;2
480;09/04/2020;2005;EB509;3
481;09/04/2020;8;TV805;5
482;09/04/2020;2109;DK205;3
483;10/04/2020;1070;DK208;2
484;10/04/2020;1388;DK208;3
485;10/04/2020;1255;BP107;4
486;10/04/2020;321;EB511;4
487;10/04/2020;1175;TV802;3
488;11/04/2020;1370;EB506;4
489;11/04/2020;1078;RS703;2
490;11/04/2020;820;EB501;5
491;11/04/2020;1684;EB506;3
492;12/04/2020;373;EB502;2
493;13/04/2020;763;EB507;4
494;13/04/2020;1317;RS702;3
495;13/04/2020;1006;TV806;5
496;14/04/2020;1407;DK203;5
497;14/04/2020;242;DS307;4
498;14/04/2020;1153;DK205;5
499;14/04/2020;149;RS706;4
500;15/04/2020;1533;EB506;3
501;15/04/2020;1933;BP106;4
502;16/04/2020;1547;TV801;3
503;16/04/2020;449;BP107;5
504;16/04/2020;1304;EB505;1
505;16/04/2020;1503;EB507;3
506;16/04/2020;1840;RS703;4
507;16/04/2020;1654;RK603;2
508;17/04/2020;551;TV810;3
509;17/04/2020;1733;BP108;2
510;17/04/2020;1115;RK607;3
511;17/04/2020;729;BP101;5
512;18/04/2020;1975;RK607;3
513;18/04/2020;544;TV802;3
514;18/04/2020;534;EB502;3
515;19/04/2020;1860;DK208;1
516;19/04/2020;1615;TV802;5
517;20/04/2020;1964;DK208;5
518;20/04/2020;530;EB511;4
519;20/04/2020;355;EB509;3
520;20/04/2020;1332;DK204;6
521;20/04/2020;133;EB513;3
522;21/04/2020;1231;EB514;3
523;21/04/2020;423;RK603;1
524;21/04/2020;492;DS301;3
525;22/04/2020;99;EB502;3
526;22/04/2020;1463;RK606;2
527;22/04/2020;1335;DS303;2
528;23/04/2020;12;TV807;5
529;23/04/2020;1818;RS702;2
530;23/04/2020;897;EB503;1
531;24/04/2020;743;DS301;5
532;24/04/2020;493;BP107;3
533;24/04/2020;1732;EB516;5
534;24/04/2020;485;BP108;5
535;25/04/2020;525;EB504;3
536;25/04/2020;868;TV812;4
537;25/04/2020;344;BP101;4
538;25/04/2020;206;BP102;2
539;25/04/2020;1315;EB506;3
540;25/04/2020;1371;RS702;5
541;25/04/2020;422;RS707;3
542;26/04/2020;1398;DS305;4
543;26/04/2020;1561;TV809;3
544;26/04/2020;1741;EB508;4
545;27/04/2020;1565;BP101;4
546;28/04/2020;1911;EB517;4
547;28/04/2020;1328;BP110;2
548;29/04/2020;810;EB511;5
549;29/04/2020;659;EB517;2
550;29/04/2020;372;TV806;3
551;29/04/2020;740;RK604;3
552;29/04/2020;1734;BP107;6
553;30/04/2020;1116;TV801;6
554;30/04/2020;954;RK607;3
555;30/04/2020;1837;BP104;5
556;30/04/2020;1660;RS705;3
557;30/04/2020;720;EB517;4
558;01/05/2020;943;BP110;2
559;01/05/2020;1846;DK208;2
560;02/05/2020;1809;DS305;2
561;03/05/2020;1249;BP105;2
562;03/05/2020;794;BP110;2
563;03/05/2020;1670;EB520;4
564;03/05/2020;236;BP106;2
565;04/05/2020;1733;DK207;4
566;04/05/2020;505;DS301;2
567;04/05/2020;1099;DK203;4
568;04/05/2020;1743;BP106;4
569;04/05/2020;2042;DK202;2
570;04/05/2020;1209;BP106;6
571;05/05/2020;1163;EB507;5
572;05/05/2020;189;EB519;3
573;05/05/2020;265;TV806;2
574;05/05/2020;636;TV809;3
575;06/05/2020;635;BP101;2
576;06/05/2020;1923;BP110;4
577;06/05/2020;775;TV809;5
578;06/05/2020;584;BP109;1
579;07/05/2020;1635;BP107;2
580;07/05/2020;661;DK208;5
581;07/05/2020;1300;EB514;3
582;07/05/2020;1877;TV804;2
583;07/05/2020;545;DK203;2
584;08/05/2020;1806;BP106;2
585;08/05/2020;1326;DK209;1
586;08/05/2020;2104;BP109;3
587;08/05/2020;1291;TV808;3
588;08/05/2020;543;BP109;5
589;08/05/2020;2039;BP101;3
590;08/05/2020;890;EB511;4
591;08/05/2020;308;EB509;4
592;08/05/2020;1801;DS306;1
593;08/05/2020;1201;RS704;5
594;09/05/2020;106;EB516;4
595;09/05/2020;1944;BP109;4
596;09/05/2020;95;BP106;2
597;09/05/2020;1461;BP110;3
598;09/05/2020;1125;RK604;2
599;09/05/2020;1741;DS303;3
600;09/05/2020;1175;EB516;3
601;09/05/2020;1909;DS303;3
602;09/05/2020;2100;BP110;2
603;09/05/2020;520;RK605;5
604;10/05/2020;874;RK606;5
605;10/05/2020;633;TV804;2
606;10/05/2020;600;EB519;3
607;10/05/2020;225;DS307;6
608;11/05/2020;340;EB520;3
609;11/05/2020;279;BP105;3
610;11/05/2020;1934;TV803;2
611;11/05/2020;158;EB517;3
612;11/05/2020;2057;TV806;2
613;12/05/2020;1098;DK202;3
614;12/05/2020;1685;TV807;4
615;12/05/2020;1551;EB506;3
616;13/05/2020;1996;EB506;5
617;13/05/2020;970;RK603;1
618;13/05/2020;717;DK201;3
619;13/05/2020;400;TV807;4
620;13/05/2020;1069;BP106;2
621;13/05/2020;790;EB513;5
622;13/05/2020;1299;RS703;4
623;14/05/2020;954;BP109;2
624;14/05/2020;656;RS704;3
625;14/05/2020;1343;EB519;4
626;14/05/2020;2045;DS307;1
627;14/05/2020;590;RK605;2
628;14/05/2020;893;DK206;5
629;14/05/2020;1603;TV811;1
630;15/05/2020;95;TV808;4
631;15/05/2020;1623;BP101;3
632;15/05/2020;755;EB513;5
633;15/05/2020;71;RK606;2
634;16/05/2020;1885;RS703;3
635;16/05/2020;710;DK209;5
636;16/05/2020;451;TV806;3
637;16/05/2020;1086;DS301;6
638;16/05/2020;1731;DS302;4
639;16/05/2020;1091;DK201;3
640;17/05/2020;1900;BP110;4
641;17/05/2020;1687;DS305;5
642;17/05/2020;2120;TV807;4
643;17/05/2020;1875;DK209;2
644;17/05/2020;330;TV804;5
645;17/05/2020;848;EB520;5
646;17/05/2020;868;DK202;3
647;18/05/2020;1850;RS704;6
648;18/05/2020;1424;TV812;3
649;18/05/2020;1425;BP110;3
650;18/05/2020;1797;EB516;3
651;19/05/2020;1355;DS307;3
652;19/05/2020;2109;DS304;2
653;19/05/2020;1132;DK201;3
654;19/05/2020;1004;RS705;5
655;19/05/2020;1812;TV803;2
656;19/05/2020;2095;DK206;1
657;19/05/2020;1102;BP109;3
658;19/05/2020;782;TV802;4
659;19/05/2020;1953;DS303;4
660;20/05/2020;1036;DS307;5
661;20/05/2020;2016;RK602;3
662;20/05/2020;1241;RS703;5
663;20/05/2020;1114;BP110;4
664;20/05/2020;1119;EB514;6
665;20/05/2020;1518;EB512;5
666;21/05/2020;565;RS703;2
667;21/05/2020;946;TV802;1
668;21/05/2020;875;BP110;4
669;21/05/2020;1682;RK602;5
670;21/05/2020;1861;DK204;6
671;22/05/2020;285;EB521;1
672;22/05/2020;1273;EB504;3
673;22/05/2020;810;BP106;4
674;22/05/2020;80;TV804;2
675;23/05/2020;1108;DS304;2
676;23/05/2020;1063;TV810;2
677;23/05/2020;698;TV802;1
678;23/05/2020;582;DS306;4
679;23/05/2020;1726;TV808;3
680;24/05/2020;1840;EB508;4
681;24/05/2020;517;DK205;2
682;24/05/2020;1454;DK207;1
683;24/05/2020;522;RS703;2
684;24/05/2020;854;DK205;4
685;25/05/2020;946;DK207;1
686;25/05/2020;1974;RS703;4
687;25/05/2020;2123;TV805;5
688;26/05/2020;1430;DK203;3
689;26/05/2020;1982;EB502;4
690;26/05/2020;454;EB521;4
691;26/05/2020;440;DK207;5
692;26/05/2020;801;EB506;3
693;26/05/2020;479;BP110;3
694;27/05/2020;1599;DS307;2
695;27/05/2020;1021;RK606;5
696;27/05/2020;1090;DK208;4
697;27/05/2020;1581;EB507;3
698;28/05/2020;595;RK602;3
699;28/05/2020;1635;DK202;4
700;28/05/2020;1337;EB520;4
701;28/05/2020;658;TV801;5
702;29/05/2020;164;EB520;4
703;29/05/2020;1525;EB503;5
704;29/05/2020;471;TV808;3
705;29/05/2020;406;TV804;3
706;29/05/2020;730;DS304;3
707;30/05/2020;517;EB503;2
708;30/05/2020;1083;DS301;2
709;30/05/2020;1863;TV807;4
710;30/05/2020;845;BP102;4
711;30/05/2020;414;DK205;4
712;30/05/2020;1415;DS305;5
713;30/05/2020;1780;DS305;4
714;30/05/2020;1253;RK607;3
715;30/05/2020;925;DS302;2
716;31/05/2020;1206;RS703;4
717;31/05/2020;1837;TV813;4
718;31/05/2020;2074;TV806;5
719;31/05/2020;126;EB516;4
720;01/06/2020;774;BP102;3
721;01/06/2020;1853;DK209;3
722;01/06/2020;1608;EB508;5
723;01/06/2020;125;RK604;2
724;01/06/2020;1003;DK205;5
725;02/06/2020;1646;TV812;3
726;02/06/2020;1292;TV813;2
727;02/06/2020;1457;BP109;4
728;02/06/2020;1029;DK209;5
729;02/06/2020;131;DS304;4
730;02/06/2020;2119;TV810;4
731;02/06/2020;514;RS702;1
732;02/06/2020;672;DK202;2
733;02/06/2020;1318;TV802;1
734;02/06/2020;1461;RS705;3
735;02/06/2020;1912;EB504;4
736;03/06/2020;1409;EB513;4
737;03/06/2020;24;BP107;5
738;03/06/2020;1851;TV810;1
739;03/06/2020;875;EB505;4
740;04/06/2020;1688;EB507;5
741;04/06/2020;325;DK202;6
742;04/06/2020;201;TV808;2
743;05/06/2020;344;RK607;6
744;05/06/2020;1641;EB512;3
745;05/06/2020;48;EB502;4
746;05/06/2020;74;EB503;4
747;05/06/2020;1777;DK209;6
748;06/06/2020;1782;DS306;2
749;06/06/2020;1378;EB506;3
750;07/06/2020;214;EB513;4
751;07/06/2020;1326;EB502;2
752;07/06/2020;587;RS706;3
753;07/06/2020;1484;DK203;5
754;07/06/2020;783;EB512;6
755;08/06/2020;282;EB507;5
756;08/06/2020;1485;DS305;5
757;08/06/2020;635;TV809;2
758;08/06/2020;334;BP104;6
759;09/06/2020;1072;DS305;4
760;09/06/2020;326;RS705;6
761;09/06/2020;163;TV804;3
762;09/06/2020;1408;EB503;1
763;09/06/2020;968;EB508;3
764;09/06/2020;422;TV808;4
765;10/06/2020;1617;EB507;5
766;10/06/2020;1275;BP106;2
767;10/06/2020;295;EB511;3
768;10/06/2020;626;TV803;4
769;11/06/2020;1984;EB506;4
770;11/06/2020;2034;DK207;4
771;11/06/2020;889;EB501;1
772;11/06/2020;1004;DK209;5
773;12/06/2020;1624;EB518;3
774;13/06/2020;1236;RK605;3
775;13/06/2020;1793;TV801;5
776;13/06/2020;1016;EB509;4
777;14/06/2020;279;DK205;2
778;14/06/2020;1926;TV813;6
779;15/06/2020;1398;BP109;2
780;15/06/2020;1571;TV806;3
781;15/06/2020;1404;RK606;6
782;16/06/2020;976;BP110;4
783;16/06/2020;1638;BP108;4
784;16/06/2020;513;TV812;3
785;16/06/2020;741;DK207;3
786;16/06/2020;710;RK602;3
787;16/06/2020;871;EB520;4
788;17/06/2020;976;TV811;6
789;17/06/2020;1195;TV811;4
790;17/06/2020;181;EB509;4
791;18/06/2020;852;RK604;3
792;18/06/2020;1722;RK605;5
793;19/06/2020;1944;DK207;4
794;19/06/2020;1310;DK204;4
795;19/06/2020;1521;EB511;4
796;19/06/2020;6;DK205;3
797;19/06/2020;1034;TV812;2
798;19/06/2020;1607;BP108;1
799;19/06/2020;699;BP105;6
800;20/06/2020;642;RK604;3
801;20/06/2020;795;TV811;2
802;20/06/2020;200;DS305;2
803;20/06/2020;327;DK203;4
804;20/06/2020;1763;EB518;5
805;21/06/2020;152;DS303;5
806;21/06/2020;1508;TV813;1
807;21/06/2020;1389;DS301;3
808;22/06/2020;1220;DK204;4
809;22/06/2020;651;RK606;6
810;22/06/2020;128;RS705;4
811;22/06/2020;897;DS303;2
812;22/06/2020;1713;DK201;5
813;22/06/2020;1775;EB518;1
814;23/06/2020;739;TV803;2
815;23/06/2020;1929;BP104;3
816;23/06/2020;380;DK208;3
817;23/06/2020;1332;EB506;3
818;23/06/2020;463;RK603;4
819;24/06/2020;1707;BP107;3
820;24/06/2020;56;TV805;1
821;25/06/2020;1852;RK605;3
822;25/06/2020;669;DK208;5
823;25/06/2020;2001;DK203;4
824;25/06/2020;510;RS702;4
825;25/06/2020;651;DK205;5
826;25/06/2020;643;EB520;5
827;25/06/2020;310;BP102;4
828;26/06/2020;1075;RS703;3
829;26/06/2020;1645;BP107;5
830;26/06/2020;775;TV804;6
831;26/06/2020;155;RS703;2
832;27/06/2020;1084;EB512;4
833;27/06/2020;1069;DS302;4
834;27/06/2020;485;DK206;4
835;28/06/2020;1859;DS305;3
836;28/06/2020;886;BP109;4
837;28/06/2020;361;BP106;3
838;28/06/2020;240;RK607;4
839;28/06/2020;800;BP101;4
840;29/06/2020;523;RK602;4
841;30/06/2020;1851;EB505;3
842;30/06/2020;217;RK604;5
843;30/06/2020;626;RS706;5
844;01/07/2020;1356;RK602;3
845;01/07/2020;1397;RK602;4
846;01/07/2020;1235;EB505;5
847;01/07/2020;760;DK202;4
848;01/07/2020;669;DS301;6
849;01/07/2020;122;RS706;4
850;02/07/2020;1813;BP106;5
851;02/07/2020;2073;EB514;4
852;02/07/2020;628;TV805;5
853;02/07/2020;1531;BP101;6
854;02/07/2020;809;EB507;4
855;03/07/2020;1843;EB519;4
856;03/07/2020;310;TV813;3
857;03/07/2020;338;DK201;6
858;04/07/2020;1476;TV804;6
859;04/07/2020;1867;RS703;3
860;04/07/2020;1588;BP106;4
861;04/07/2020;1583;RS704;3
862;04/07/2020;1761;EB502;3
863;04/07/2020;275;BP105;1
864;04/07/2020;1507;DS306;4
865;05/07/2020;708;BP110;6
866;05/07/2020;1665;TV807;3
867;05/07/2020;1778;EB517;4
868;05/07/2020;1518;DS302;3
869;05/07/2020;1452;TV804;6
870;05/07/2020;755;TV802;2
871;06/07/2020;446;EB521;4
872;06/07/2020;581;DS304;3
873;06/07/2020;1839;EB507;4
874;07/07/2020;244;TV812;1
875;07/07/2020;981;EB519;4
876;07/07/2020;433;DK204;6
877;08/07/2020;2025;DS303;2
878;08/07/2020;1963;RK604;5
879;08/07/2020;1314;EB517;5
880;08/07/2020;1964;DS306;5
881;08/07/2020;218;TV803;5
882;08/07/2020;2090;TV801;5
883;08/07/2020;538;EB503;3
884;08/07/2020;764;TV804;3
885;08/07/2020;828;TV803;5
886;08/07/2020;1240;DS306;3
887;09/07/2020;354;EB513;4
888;09/07/2020;1408;DS304;2
889;09/07/2020;2115;BP102;6
890;09/07/2020;1916;EB507;6
891;09/07/2020;1803;EB502;2
892;10/07/2020;2006;DK204;6
893;10/07/2020;854;EB518;6
894;10/07/2020;418;DK209;5
895;10/07/2020;1427;BP101;3
896;10/07/2020;1121;DK205;3
897;10/07/2020;1067;DS307;2
898;10/07/2020;1208;TV813;5
899;10/07/2020;1909;DS306;3
900;11/07/2020;1548;EB517;5
901;11/07/2020;616;DS307;3
902;11/07/2020;1343;TV802;3
903;11/07/2020;1408;DK205;3
904;11/07/2020;714;BP105;2
905;11/07/2020;742;EB502;4
906;12/07/2020;717;DS301;2
907;12/07/2020;323;DS301;2
908;12/07/2020;1756;RS706;1
909;12/07/2020;1878;RK602;5
910;12/07/2020;1038;EB503;3
911;13/07/2020;727;RK605;2
912;13/07/2020;1159;EB502;3
913;13/07/2020;397;TV807;4
914;13/07/2020;1120;TV808;2
915;13/07/2020;1370;RS705;2
916;13/07/2020;430;TV802;3
917;14/07/2020;1814;BP108;5
918;14/07/2020;498;EB503;2
919;14/07/2020;1406;DK204;2
920;14/07/2020;950;EB507;4
921;14/07/2020;1756;TV808;5
922;14/07/2020;677;RK607;3
923;15/07/2020;470;BP109;3
924;15/07/2020;1209;TV812;4
925;15/07/2020;2102;DK205;2
926;16/07/2020;1357;BP108;6
927;16/07/2020;1538;BP106;5
928;17/07/2020;679;BP102;2
929;17/07/2020;1171;EB503;4
930;18/07/2020;935;BP108;5
931;18/07/2020;1872;TV809;5
932;18/07/2020;1665;TV802;3
933;18/07/2020;614;TV813;3
934;18/07/2020;1794;EB517;3
935;19/07/2020;1139;TV810;2
936;19/07/2020;98;BP104;6
937;19/07/2020;1153;RK602;4
938;19/07/2020;1809;RS702;3
939;19/07/2020;1225;BP107;5
940;20/07/2020;66;BP108;2
941;20/07/2020;1259;TV808;3
942;20/07/2020;406;DS301;3
943;20/07/2020;648;EB507;4
944;20/07/2020;184;TV804;4
945;21/07/2020;820;EB504;3
946;21/07/2020;654;DK201;5
947;21/07/2020;1183;DS306;2
948;21/07/2020;1121;RK603;4
949;21/07/2020;652;EB505;2
950;21/07/2020;1284;EB514;5
951;21/07/2020;155;DK203;4
952;21/07/2020;1202;TV802;4
953;21/07/2020;222;RK603;3
954;22/07/2020;1806;DS303;3
955;22/07/2020;1840;DS303;4
956;22/07/2020;1108;DS301;4
957;22/07/2020;254;TV804;1
958;22/07/2020;134;RK607;4
959;22/07/2020;906;TV807;5
960;22/07/2020;1226;EB503;3
961;22/07/2020;863;RK606;6
962;23/07/2020;2107;TV810;4
963;23/07/2020;75;RS707;5
964;23/07/2020;1651;DK201;2
965;23/07/2020;1916;EB512;2
966;24/07/2020;603;EB508;2
967;24/07/2020;1184;TV808;3
968;25/07/2020;575;BP110;5
969;26/07/2020;2000;DS306;1
970;26/07/2020;1672;DS305;5
971;26/07/2020;576;DS302;6
972;26/07/2020;1055;EB501;5
973;27/07/2020;1303;TV802;1
974;27/07/2020;27;BP105;5
975;28/07/2020;881;RK605;4
976;28/07/2020;1661;RS705;2
977;28/07/2020;591;EB519;5
978;28/07/2020;1353;EB513;3
979;29/07/2020;1179;TV809;1
980;29/07/2020;351;RS707;6
981;29/07/2020;228;TV809;4
982;29/07/2020;1060;BP109;5
983;29/07/2020;10;BP110;4
984;29/07/2020;674;TV809;3
985;29/07/2020;1834;RK607;3
986;30/07/2020;1411;DK208;5
987;30/07/2020;914;RS703;5
988;30/07/2020;499;BP109;2
989;30/07/2020;1524;TV809;4
990;30/07/2020;2110;DK201;4
991;30/07/2020;673;DK207;3
992;31/07/2020;382;TV806;2
993;31/07/2020;437;DK205;4
994;31/07/2020;483;RK607;3
995;31/07/2020;575;RS704;5
996;01/08/2020;1943;DS305;3
997;01/08/2020;1310;BP107;2
998;02/08/2020;1012;BP105;4
999;02/08/2020;504;DK208;3
1000;03/08/2020;1342;TV811;4
1001;03/08/2020;1923;RK607;4
1002;03/08/2020;1292;BP110;2
1003;03/08/2020;1257;BP104;2
1004;03/08/2020;1435;RK605;4
1005;03/08/2020;1746;BP106;3
1006;03/08/2020;1450;DK207;3
1007;03/08/2020;1371;EB505;4
1008;03/08/2020;695;DS307;5
1009;04/08/2020;1461;EB519;6
1010;04/08/2020;143;DK203;5
1011;04/08/2020;720;EB517;4
1012;04/08/2020;787;DK208;5
1013;04/08/2020;1468;DK208;3
1014;05/08/2020;728;DS304;4
1015;06/08/2020;181;EB506;5
1016;06/08/2020;931;RK603;2
1017;06/08/2020;1786;RS707;1
1018;06/08/2020;1851;EB513;4
1019;06/08/2020;736;DK206;2
1020;06/08/2020;1042;DS301;2
1021;07/08/2020;1636;EB512;4
1022;07/08/2020;2073;RS703;2
1023;07/08/2020;274;RS706;5
1024;07/08/2020;465;EB501;4
1025;08/08/2020;1770;EB505;6
1026;08/08/2020;1725;DS304;4
1027;08/08/2020;169;BP102;5
1028;08/08/2020;970;RS702;4
1029;08/08/2020;1838;EB519;2
1030;09/08/2020;1733;RS702;2
1031;09/08/2020;1780;RS706;3
1032;09/08/2020;1310;DS302;4
1033;09/08/2020;1331;DK204;4
1034;09/08/2020;1294;BP109;4
1035;10/08/2020;1398;RK606;4
1036;10/08/2020;1886;TV813;3
1037;10/08/2020;1230;DK204;3
1038;10/08/2020;154;TV804;3
1039;10/08/2020;620;DK207;2
1040;11/08/2020;1706;RK607;3
1041;11/08/2020;929;EB518;4
1042;11/08/2020;1230;TV806;4
1043;11/08/2020;1058;DK202;4
1044;11/08/2020;334;DS301;5
1045;12/08/2020;500;EB504;2
1046;12/08/2020;1293;RK602;2
1047;12/08/2020;1951;EB506;2
1048;13/08/2020;266;EB501;2
1049;14/08/2020;1530;TV811;1
1050;15/08/2020;1174;EB520;5
1051;15/08/2020;47;RS706;3
1052;15/08/2020;1161;DS304;5
1053;15/08/2020;272;TV811;2
1054;15/08/2020;489;RK604;4
1055;15/08/2020;1992;RK605;3
1056;15/08/2020;2079;BP108;3
1057;16/08/2020;1300;DK207;3
1058;16/08/2020;146;TV805;6
1059;16/08/2020;360;EB517;1
1060;16/08/2020;200;EB509;4
1061;17/08/2020;1003;RS704;6
1062;17/08/2020;429;RS705;4
1063;17/08/2020;1122;BP106;4
1064;17/08/2020;1434;BP106;3
1065;17/08/2020;1050;BP101;4
1066;17/08/2020;1723;TV802;3
1067;17/08/2020;329;DK202;5
1068;17/08/2020;1334;DS302;4
1069;18/08/2020;221;BP108;2
1070;18/08/2020;1908;RK607;2
1071;18/08/2020;559;BP104;5
1072;19/08/2020;143;TV813;3
1073;19/08/2020;1121;RS703;4
1074;19/08/2020;305;EB512;4
1075;19/08/2020;1859;EB511;4
1076;20/08/2020;968;RS702;4
1077;20/08/2020;965;EB516;4
1078;21/08/2020;1018;DK201;2
1079;21/08/2020;37;DS302;3
1080;21/08/2020;974;DK209;5
1081;21/08/2020;1479;RS706;1
1082;22/08/2020;379;DK208;4
1083;22/08/2020;130;DS301;5
1084;22/08/2020;601;EB506;3
1085;22/08/2020;1837;EB518;2
1086;22/08/2020;1549;EB514;4
1087;22/08/2020;494;BP107;5
1088;22/08/2020;545;EB518;5
1089;23/08/2020;1876;EB520;2
1090;24/08/2020;542;DK201;4
1091;24/08/2020;2047;BP110;2
1092;24/08/2020;356;RK604;3
1093;24/08/2020;886;DK205;4
1094;24/08/2020;1102;RK602;6
1095;24/08/2020;1716;DK203;4
1096;24/08/2020;793;DK202;4
1097;24/08/2020;185;EB516;3
1098;25/08/2020;1480;BP101;2
1099;25/08/2020;1732;TV803;5
1100;25/08/2020;1679;DK206;4
1101;25/08/2020;287;BP108;4
1102;25/08/2020;420;DK204;5
1103;26/08/2020;448;DS303;5
1104;26/08/2020;66;RK604;3
1105;26/08/2020;818;EB504;4
1106;26/08/2020;707;EB519;6
1107;27/08/2020;1504;RK606;2
1108;27/08/2020;2005;DS301;2
1109;27/08/2020;213;TV801;3
1110;27/08/2020;1335;TV804;3
1111;27/08/2020;666;DS301;3
1112;28/08/2020;1161;RS702;6
1113;28/08/2020;522;RS707;3
1114;28/08/2020;1582;EB511;1
1115;28/08/2020;319;DS305;3
1116;29/08/2020;1481;RK607;2
1117;29/08/2020;1268;BP108;6
1118;29/08/2020;314;EB511;1
1119;29/08/2020;1016;RS704;5
1120;30/08/2020;788;DK208;3
1121;30/08/2020;1632;EB505;2
1122;31/08/2020;1645;DK202;4
1123;31/08/2020;2025;TV808;2
1124;01/09/2020;359;BP106;4
1125;01/09/2020;864;DS304;3
1126;01/09/2020;624;EB504;3
1127;01/09/2020;473;DK205;6
1128;01/09/2020;602;EB509;2
1129;01/09/2020;941;EB509;5
1130;01/09/2020;1884;EB509;3
1131;01/09/2020;1015;BP101;3
1132;01/09/2020;1280;EB503;5
1133;01/09/2020;1787;RS703;3
1134;01/09/2020;1227;RS702;3
1135;02/09/2020;1883;BP108;6
1136;02/09/2020;72;BP105;3
1137;02/09/2020;404;TV806;3
1138;02/09/2020;864;RS703;4
1139;02/09/2020;1661;DS306;4
1140;02/09/2020;107;RK606;1
1141;02/09/2020;1196;RS707;4
1142;03/09/2020;1768;TV813;2
1143;03/09/2020;416;DS307;6
1144;03/09/2020;1444;TV813;5
1145;04/09/2020;497;RS707;5
1146;04/09/2020;1078;TV809;2
1147;04/09/2020;1856;DK207;1
1148;04/09/2020;1500;RK602;5
1149;04/09/2020;574;EB504;2
1150;04/09/2020;733;BP105;4
1151;04/09/2020;1933;EB519;5
1152;04/09/2020;1845;DS303;6
1153;04/09/2020;1482;EB520;2
1154;05/09/2020;485;DK201;2
1155;05/09/2020;894;DK207;3
1156;05/09/2020;1398;TV811;3
1157;05/09/2020;1251;BP101;4
1158;05/09/2020;127;EB518;1
1159;06/09/2020;1225;BP110;2
1160;06/09/2020;1099;RS702;3
1161;07/09/2020;308;RS707;3
1162;07/09/2020;57;EB503;4
1163;07/09/2020;193;EB511;2
1164;08/09/2020;312;TV807;3
1165;08/09/2020;1533;TV808;3
1166;08/09/2020;1663;BP102;4
1167;09/09/2020;928;RK602;3
1168;09/09/2020;1703;EB513;5
1169;09/09/2020;643;EB516;2
1170;09/09/2020;1941;BP102;5
1171;09/09/2020;1501;EB502;2
1172;09/09/2020;302;EB509;3
1173;09/09/2020;1158;TV809;2
1174;09/09/2020;1039;TV810;4
1175;09/09/2020;914;DK209;4
1176;10/09/2020;1012;DK209;2
1177;10/09/2020;1331;RS706;5
1178;10/09/2020;1862;TV809;4
1179;10/09/2020;843;RK606;4
1180;10/09/2020;1339;TV807;5
1181;10/09/2020;237;DK202;5
1182;11/09/2020;152;RS702;4
1183;11/09/2020;1873;EB504;2
1184;11/09/2020;112;TV808;3
1185;12/09/2020;102;RS707;5
1186;12/09/2020;1548;RS703;6
1187;12/09/2020;229;EB519;3
1188;12/09/2020;603;EB509;2
1189;13/09/2020;1969;DK208;2
1190;13/09/2020;313;EB513;5
1191;13/09/2020;1621;TV804;5
1192;13/09/2020;580;TV804;2
1193;13/09/2020;858;EB503;5
1194;13/09/2020;1465;DS304;5
1195;13/09/2020;1119;EB506;6
1196;14/09/2020;1039;RS707;4
1197;14/09/2020;1230;EB507;3
1198;14/09/2020;1364;EB509;3
1199;14/09/2020;1158;BP110;4
1200;15/09/2020;1375;DK202;5
1201;15/09/2020;283;TV807;4
1202;15/09/2020;1900;BP106;5
1203;16/09/2020;2121;DK206;4
1204;16/09/2020;2042;TV810;2
1205;16/09/2020;1659;EB503;3
1206;16/09/2020;241;BP104;5
1207;16/09/2020;997;TV805;3
1208;16/09/2020;142;BP110;2
1209;16/09/2020;978;DK202;4
1210;17/09/2020;422;RS704;2
1211;17/09/2020;1843;TV809;6
1212;17/09/2020;2000;DK207;5
1213;17/09/2020;235;RK605;2
1214;17/09/2020;928;TV808;2
1215;17/09/2020;1108;EB519;5
1216;17/09/2020;1694;TV809;4
1217;18/09/2020;615;EB512;4
1218;18/09/2020;1277;BP101;5
1219;18/09/2020;1347;EB512;4
1220;18/09/2020;295;EB514;4
1221;18/09/2020;1334;RS704;4
1222;18/09/2020;475;RS703;4
1223;19/09/2020;267;DS304;2
1224;19/09/2020;714;BP105;5
1225;19/09/2020;287;EB504;2
1226;19/09/2020;307;TV811;2
1227;19/09/2020;478;EB514;3
1228;19/09/2020;1898;EB511;2
1229;19/09/2020;1128;EB509;1
1230;20/09/2020;609;TV805;5
1231;21/09/2020;604;EB503;2
1232;21/09/2020;657;EB514;5
1233;22/09/2020;1111;RS706;6
1234;22/09/2020;193;DK202;6
1235;22/09/2020;1500;BP110;5
1236;22/09/2020;2094;RK605;4
1237;22/09/2020;239;TV803;2
1238;22/09/2020;465;TV801;5
1239;22/09/2020;711;EB508;5
1240;22/09/2020;111;BP110;3
1241;22/09/2020;1492;BP105;6
1242;22/09/2020;655;DK202;4
1243;23/09/2020;836;RK606;1
1244;23/09/2020;1072;BP106;5
1245;23/09/2020;391;TV803;3
1246;23/09/2020;569;RS704;3
1247;23/09/2020;572;BP107;3
1248;23/09/2020;1387;TV812;2
1249;24/09/2020;715;RS702;2
1250;24/09/2020;109;EB518;5
1251;24/09/2020;775;TV807;2
1252;25/09/2020;273;RK606;6
1253;25/09/2020;440;EB516;1
1254;25/09/2020;950;EB521;3
1255;25/09/2020;1631;TV806;4
1256;25/09/2020;605;EB513;4
1257;25/09/2020;550;TV801;4
1258;26/09/2020;1083;DK203;3
1259;26/09/2020;30;DK203;3
1260;26/09/2020;1845;TV807;5
1261;26/09/2020;77;RS703;4
1262;26/09/2020;2114;TV804;2
1263;27/09/2020;1352;EB520;5
1264;27/09/2020;1255;DK206;2
1265;27/09/2020;1072;TV803;3
1266;28/09/2020;1646;DS305;3
1267;28/09/2020;1386;TV807;4
1268;28/09/2020;272;TV811;3
1269;28/09/2020;1716;EB513;1
1270;28/09/2020;54;RK603;3
1271;28/09/2020;316;TV804;2
1272;29/09/2020;599;EB511;4
1273;29/09/2020;802;DS307;4
1274;29/09/2020;162;EB517;3
1275;29/09/2020;1607;EB517;2
1276;29/09/2020;621;TV809;6
1277;30/09/2020;1051;DK204;4
1278;30/09/2020;99;DK202;4
1279;30/09/2020;71;EB520;4
1280;30/09/2020;848;RK603;2
1281;30/09/2020;995;RK606;3
1282;30/09/2020;163;RK605;3
1283;30/09/2020;485;EB501;3
1284;01/10/2020;169;RK607;4
1285;01/10/2020;1371;DK206;3
1286;01/10/2020;1410;EB519;2
1287;01/10/2020;1047;DK204;3
1288;02/10/2020;1053;RK606;2
1289;02/10/2020;1146;TV808;3
1290;02/10/2020;1961;DK204;3
1291;02/10/2020;476;DK204;2
1292;02/10/2020;1450;TV802;2
1293;02/10/2020;579;BP108;3
1294;03/10/2020;1028;EB506;4
1295;04/10/2020;618;TV810;4
1296;04/10/2020;1704;RS704;5
1297;04/10/2020;773;EB517;4
1298;04/10/2020;426;BP105;4
1299;05/10/2020;362;DS301;4
1300;05/10/2020;2056;BP105;5
1301;05/10/2020;1032;EB520;6
1302;05/10/2020;218;EB518;5
1303;06/10/2020;141;BP107;3
1304;06/10/2020;1453;EB502;5
1305;06/10/2020;1552;RK606;6
1306;06/10/2020;602;RS702;4
1307;07/10/2020;866;DS307;4
1308;07/10/2020;2055;EB519;5
1309;07/10/2020;1636;DK206;3
1310;07/10/2020;1263;BP104;3
1311;07/10/2020;2078;RK604;1
1312;08/10/2020;1101;EB512;4
1313;08/10/2020;341;EB504;2
1314;08/10/2020;1233;EB519;3
1315;08/10/2020;1544;TV803;4
1316;09/10/2020;1638;DK203;4
1317;09/10/2020;1478;TV802;4
1318;09/10/2020;1144;TV804;4
1319;09/10/2020;559;TV805;4
1320;10/10/2020;534;BP101;2
1321;10/10/2020;1460;BP106;5
1322;10/10/2020;1035;DK207;5
1323;10/10/2020;1695;RK605;6
1324;10/10/2020;671;BP102;4
1325;10/10/2020;244;TV802;3
1326;10/10/2020;703;TV810;4
1327;10/10/2020;1366;DK206;2
1328;10/10/2020;1850;BP105;6
1329;11/10/2020;141;RK604;3
1330;11/10/2020;555;DK204;5
1331;11/10/2020;1864;EB521;5
1332;12/10/2020;1437;DS306;5
1333;12/10/2020;1284;EB508;3
1334;12/10/2020;357;DS305;3
1335;12/10/2020;99;DS305;3
1336;13/10/2020;72;TV808;4
1337;13/10/2020;1193;RS704;5
1338;13/10/2020;843;EB508;3
1339;13/10/2020;1920;EB505;3
1340;13/10/2020;1766;RS705;4
1341;13/10/2020;153;TV806;2
1342;14/10/2020;1573;TV810;4
1343;14/10/2020;435;EB520;2
1344;14/10/2020;1167;DS303;3
1345;14/10/2020;1027;EB521;4
1346;14/10/2020;636;TV812;6
1347;14/10/2020;1630;DK208;2
1348;14/10/2020;406;BP105;5
1349;15/10/2020;886;EB514;2
1350;15/10/2020;946;EB513;1
1351;15/10/2020;1295;BP104;2
1352;15/10/2020;756;RK607;4
1353;15/10/2020;998;BP110;3
1354;15/10/2020;631;DK204;2
1355;15/10/2020;1834;DS305;3
1356;15/10/2020;1397;TV813;4
1357;15/10/2020;1726;DS303;5
1358;15/10/2020;1142;EB517;3
1359;16/10/2020;2101;BP105;5
1360;16/10/2020;1521;BP108;5
1361;16/10/2020;757;BP104;3
1362;17/10/2020;1576;DS306;2
1363;17/10/2020;614;TV809;3
1364;17/10/2020;1570;EB520;3
1365;18/10/2020;963;EB502;5
1366;18/10/2020;835;EB511;2
1367;18/10/2020;538;RK607;4
1368;18/10/2020;179;DK207;5
1369;18/10/2020;1334;DS307;3
1370;18/10/2020;2011;EB502;3
1371;19/10/2020;287;EB505;4
1372;19/10/2020;1538;DS305;3
1373;19/10/2020;677;EB511;2
1374;19/10/2020;1013;DK202;3
1375;19/10/2020;45;RK604;3
1376;20/10/2020;1133;RS704;6
1377;20/10/2020;613;TV810;3
1378;20/10/2020;373;EB509;4
1379;21/10/2020;1832;TV801;6
1380;21/10/2020;1049;BP110;4
1381;21/10/2020;813;TV806;2
1382;21/10/2020;1373;RK605;4
1383;21/10/2020;959;EB504;2
1384;21/10/2020;1000;RS707;3
1385;22/10/2020;2009;RS707;5
1386;22/10/2020;306;EB520;3
1387;22/10/2020;1554;EB507;6
1388;22/10/2020;1233;EB503;4
1389;22/10/2020;2074;TV811;4
1390;22/10/2020;776;DS304;1
1391;23/10/2020;1879;TV813;5
1392;23/10/2020;2004;TV807;3
1393;23/10/2020;1002;BP108;3
1394;23/10/2020;1094;EB504;4
1395;23/10/2020;308;RK603;5
1396;23/10/2020;2052;TV808;3
1397;23/10/2020;1986;TV801;6
1398;24/10/2020;1010;BP107;1
1399;24/10/2020;229;TV802;2
1400;24/10/2020;49;BP110;5
1401;24/10/2020;473;RK602;1
1402;24/10/2020;1989;DS301;3
1403;25/10/2020;667;EB514;2
1404;25/10/2020;902;RS702;3
1405;25/10/2020;1758;DK209;2
1406;25/10/2020;1086;TV812;5
1407;25/10/2020;1669;EB511;5
1408;25/10/2020;844;BP110;3
1409;26/10/2020;1306;RS704;3
1410;26/10/2020;428;EB508;3
1411;27/10/2020;387;RS703;3
1412;27/10/2020;1762;DK201;3
1413;27/10/2020;845;RK607;4
1414;27/10/2020;310;EB513;6
1415;27/10/2020;43;DS307;3
1416;27/10/2020;1570;TV811;4
1417;27/10/2020;1360;BP110;5
1418;28/10/2020;1202;EB518;4
1419;28/10/2020;2043;EB503;2
1420;28/10/2020;196;DK209;1
1421;28/10/2020;1040;RS703;4
1422;29/10/2020;2058;DK207;5
1423;29/10/2020;1401;DK203;3
1424;29/10/2020;1516;TV807;3
1425;29/10/2020;1071;TV810;5
1426;30/10/2020;1620;EB521;1
1427;30/10/2020;624;TV808;3
1428;30/10/2020;1074;EB502;4
1429;30/10/2020;473;DK204;4
1430;31/10/2020;1525;BP102;4
1431;31/10/2020;820;EB503;3
1432;31/10/2020;1436;EB506;4
1433;31/10/2020;940;DK205;1
1434;01/11/2020;1155;TV805;4
1435;01/11/2020;303;TV801;4
1436;02/11/2020;1031;TV808;4
1437;02/11/2020;189;BP108;6
1438;02/11/2020;1432;RK602;4
1439;02/11/2020;10;DS307;5
1440;03/11/2020;1572;DS306;4
1441;03/11/2020;988;DS305;2
1442;03/11/2020;866;TV804;2
1443;03/11/2020;1096;RK604;1
1444;03/11/2020;46;RS705;3
1445;03/11/2020;184;BP101;4
1446;04/11/2020;1438;DK202;1
1447;04/11/2020;35;DK201;3
1448;04/11/2020;428;TV803;5
1449;04/11/2020;952;RK606;4
1450;04/11/2020;614;EB521;4
1451;05/11/2020;1697;EB516;5
1452;05/11/2020;470;BP107;3
1453;05/11/2020;1160;TV802;2
1454;05/11/2020;1549;TV806;3
1455;06/11/2020;826;RS705;4
1456;07/11/2020;510;DK205;6
1457;07/11/2020;1752;RK604;3
1458;08/11/2020;1974;RK607;3
1459;08/11/2020;293;TV804;1
1460;08/11/2020;1183;RK602;4
1461;08/11/2020;1601;EB506;4
1462;09/11/2020;285;RK606;5
1463;09/11/2020;819;TV811;3
1464;09/11/2020;1528;RS703;3
1465;10/11/2020;1536;TV809;1
1466;10/11/2020;1333;DK209;3
1467;10/11/2020;778;TV812;2
1468;10/11/2020;637;RK606;2
1469;10/11/2020;300;EB516;5
1470;11/11/2020;9;EB514;3
1471;11/11/2020;1946;DK202;1
1472;11/11/2020;1758;TV803;2
1473;11/11/2020;1894;EB521;5
1474;11/11/2020;1630;DK202;3
1475;13/11/2020;755;EB503;5
1476;13/11/2020;1096;EB516;2
1477;13/11/2020;74;RK602;5
1478;13/11/2020;1178;BP104;5
1479;15/11/2020;918;DS305;5
1480;15/11/2020;1963;DK205;5
1481;15/11/2020;699;RK603;5
1482;15/11/2020;1714;DS306;3
1483;15/11/2020;945;BP105;1
1484;15/11/2020;212;EB505;3
1485;16/11/2020;706;TV812;3
1486;16/11/2020;827;RK603;5
1487;16/11/2020;1056;RK603;1
1488;16/11/2020;949;EB505;3
1489;16/11/2020;1943;TV802;3
1490;17/11/2020;495;RK604;3
1491;17/11/2020;1366;EB518;5
1492;17/11/2020;1654;EB520;2
1493;17/11/2020;1734;RS707;2
1494;17/11/2020;1754;TV808;4
1495;17/11/2020;1003;RK602;4
1496;17/11/2020;1196;RK604;5
1497;17/11/2020;1468;EB505;2
1498;17/11/2020;1797;RK603;6
1499;17/11/2020;635;DS304;5
1500;17/11/2020;1446;BP109;3
1501;18/11/2020;1851;TV812;4
1502;18/11/2020;1172;DK203;5
1503;18/11/2020;1141;RS702;6
1504;19/11/2020;102;TV813;3
1505;19/11/2020;1326;RS705;1
1506;19/11/2020;223;RS705;5
1507;19/11/2020;486;TV802;4
1508;19/11/2020;631;RS702;2
1509;19/11/2020;1239;DK205;3
1510;19/11/2020;885;BP104;4
1511;19/11/2020;475;TV807;4
1512;20/11/2020;1794;EB514;3
1513;20/11/2020;156;EB516;4
1514;20/11/2020;259;BP102;1
1515;20/11/2020;946;BP110;3
1516;20/11/2020;229;TV809;3
1517;21/11/2020;1390;EB501;4
1518;21/11/2020;2071;EB511;4
1519;21/11/2020;80;EB519;5
1520;22/11/2020;1769;TV808;5
1521;22/11/2020;2109;RS707;5
1522;23/11/2020;2057;DS305;6
1523;23/11/2020;198;DK205;5
1524;23/11/2020;1095;EB521;3
1525;23/11/2020;2008;TV813;4
1526;23/11/2020;566;RK605;5
1527;23/11/2020;47;EB503;3
1528;23/11/2020;1893;BP104;2
1529;23/11/2020;862;RK607;2
1530;24/11/2020;324;EB506;4
1531;24/11/2020;368;RS702;2
1532;25/11/2020;1837;TV804;5
1533;25/11/2020;1803;EB505;3
1534;25/11/2020;696;EB519;4
1535;26/11/2020;1765;EB502;3
1536;26/11/2020;1799;BP110;2
1537;26/11/2020;1253;BP106;5
1538;26/11/2020;217;DS304;3
1539;26/11/2020;1608;TV802;6
1540;27/11/2020;1957;RK605;4
1541;27/11/2020;2036;DS301;2
1542;27/11/2020;1091;RS702;2
1543;28/11/2020;870;RS703;5
1544;28/11/2020;521;TV801;5
1545;28/11/2020;1614;DK209;4
1546;29/11/2020;698;DS303;5
1547;30/11/2020;711;DS307;6
1548;30/11/2020;1400;TV805;2
1549;30/11/2020;1205;RK604;2
1550;30/11/2020;1918;RK605;4
1551;01/12/2020;1059;DK208;2
1552;01/12/2020;438;EB521;2
1553;01/12/2020;2057;EB504;5
1554;02/12/2020;2050;DK207;6
1555;02/12/2020;787;RK607;1
1556;02/12/2020;1093;TV808;5
1557;02/12/2020;1332;BP105;5
1558;02/12/2020;2119;EB516;3
1559;02/12/2020;1168;EB516;4
1560;03/12/2020;1242;RK606;3
1561;04/12/2020;1451;DK201;3
1562;04/12/2020;1025;DK206;5
1563;04/12/2020;368;EB506;2
1564;04/12/2020;1865;EB509;4
1565;04/12/2020;559;DK209;5
1566;04/12/2020;659;TV808;5
1567;05/12/2020;558;EB514;5
1568;05/12/2020;304;DK207;2
1569;05/12/2020;198;EB503;4
1570;05/12/2020;267;DS307;4
1571;05/12/2020;787;BP110;5
1572;05/12/2020;520;EB512;3
1573;05/12/2020;1520;TV804;5
1574;05/12/2020;2001;DK203;3
1575;05/12/2020;982;TV812;4
1576;06/12/2020;1089;DS307;2
1577;06/12/2020;1490;EB517;2
1578;06/12/2020;490;TV801;3
1579;06/12/2020;677;TV802;4
1580;06/12/2020;1854;TV804;3
1581;07/12/2020;619;BP101;4
1582;07/12/2020;1042;EB512;4
1583;07/12/2020;187;EB516;3
1584;07/12/2020;972;EB504;3
1585;08/12/2020;967;RK607;2
1586;08/12/2020;1064;TV809;3
1587;08/12/2020;1490;BP105;3
1588;08/12/2020;356;DK203;1
1589;08/12/2020;1935;DS305;4
1590;09/12/2020;812;TV805;5
1591;09/12/2020;818;TV810;3
1592;09/12/2020;845;EB505;3
1593;09/12/2020;1944;TV804;3
1594;09/12/2020;1840;EB508;2
1595;09/12/2020;60;RS702;3
1596;09/12/2020;929;RS706;2
1597;09/12/2020;1006;EB507;5
1598;10/12/2020;2026;EB519;3
1599;10/12/2020;3;RS705;5
1600;10/12/2020;219;RK607;5
1601;10/12/2020;1682;DS304;2
1602;10/12/2020;866;TV808;3
1603;11/12/2020;849;TV801;2
1604;11/12/2020;548;RS703;2
1605;11/12/2020;205;EB516;2
1606;11/12/2020;42;DS306;5
1607;11/12/2020;1142;EB514;4
1608;12/12/2020;1030;RS704;6
1609;12/12/2020;1969;EB521;4
1610;12/12/2020;188;BP106;6
1611;12/12/2020;1598;RS707;4
1612;13/12/2020;1099;DK208;3
1613;13/12/2020;259;TV812;3
1614;13/12/2020;643;DS307;3
1615;13/12/2020;180;EB505;4
1616;13/12/2020;1613;TV803;2
1617;13/12/2020;375;EB519;4
1618;14/12/2020;810;EB521;2
1619;14/12/2020;1407;EB517;4
1620;14/12/2020;1747;DK206;3
1621;14/12/2020;1374;TV810;6
1622;15/12/2020;1924;EB516;4
1623;16/12/2020;1437;DS304;2
1624;16/12/2020;1459;EB503;1
1625;16/12/2020;460;BP104;3
1626;17/12/2020;1978;DK209;3
1627;17/12/2020;198;RK603;5
1628;17/12/2020;1975;EB518;5
1629;18/12/2020;113;BP108;4
1630;18/12/2020;1857;DS307;3
1631;18/12/2020;1428;EB517;3
1632;18/12/2020;2051;DS306;5
1633;18/12/2020;1139;RK603;5
1634;19/12/2020;454;TV812;3
1635;20/12/2020;1426;EB513;5
1636;20/12/2020;954;RS706;5
1637;20/12/2020;1692;RS705;4
1638;20/12/2020;1019;BP110;3
1639;20/12/2020;1903;RS705;5
1640;20/12/2020;1717;RS707;2
1641;20/12/2020;935;DK208;3
1642;21/12/2020;1349;DS305;2
1643;21/12/2020;901;RK606;2
1644;21/12/2020;1747;TV809;2
1645;21/12/2020;1812;EB517;4
1646;22/12/2020;441;TV810;3
1647;22/12/2020;1235;DS306;2
1648;22/12/2020;648;BP105;5
1649;22/12/2020;1948;RS702;6
1650;22/12/2020;40;TV813;3
1651;22/12/2020;1747;TV810;3
1652;22/12/2020;225;RK603;3
1653;22/12/2020;49;BP108;3
1654;22/12/2020;793;BP106;3
1655;23/12/2020;910;EB507;4
1656;23/12/2020;165;RK605;3
1657;23/12/2020;924;TV805;4
1658;23/12/2020;423;EB501;5
1659;23/12/2020;1043;EB503;3
1660;24/12/2020;723;RK606;4
1661;24/12/2020;1357;TV801;3
1662;24/12/2020;549;RK603;3
1663;24/12/2020;873;EB505;5
1664;24/12/2020;1918;EB519;3
1665;24/12/2020;1457;EB509;6
1666;25/12/2020;1883;TV804;5
1667;25/12/2020;1031;EB511;4
1668;25/12/2020;1265;TV811;2
1669;25/12/2020;217;TV808;3
1670;25/12/2020;1228;TV801;6
1671;25/12/2020;1273;TV809;6
1672;26/12/2020;1677;DS305;3
1673;27/12/2020;1256;TV809;4
1674;27/12/2020;331;DS306;5
1675;28/12/2020;265;DK201;2
1676;28/12/2020;1399;TV806;5
1677;28/12/2020;1113;EB517;5
1678;28/12/2020;1575;DS306;3
1679;28/12/2020;2086;BP102;6
1680;28/12/2020;638;DK202;6
1681;29/12/2020;2120;EB517;2
1682;29/12/2020;746;TV813;5
1683;29/12/2020;1044;BP110;1
1684;30/12/2020;1719;TV803;1
1685;30/12/2020;473;BP104;3
1686;30/12/2020;628;EB521;3
1687;31/12/2020;1155;RK606;4
1688;31/12/2020;1433;DS307;3
1689;31/12/2020;1103;EB517;3
1690;31/12/2020;269;EB506;4
1691;31/12/2020;1241;DS304;2
1692;31/12/2020;377;EB509;4
1693;31/12/2020;60;BP105;4
1694;01/01/2021;1887;EB505;4
1695;01/01/2021;398;EB512;5
1696;01/01/2021;1395;DS302;2
1697;02/01/2021;1715;EB509;2
1698;02/01/2021;230;DS304;4
1699;02/01/2021;1763;RK603;1
1700;02/01/2021;2097;BP102;3
1701;03/01/2021;1420;EB507;3
1702;03/01/2021;504;RK605;4
1703;03/01/2021;141;TV802;3
1704;03/01/2021;113;RS706;3
1705;03/01/2021;351;TV809;3
1706;03/01/2021;1418;DK206;4
1707;04/01/2021;1210;EB504;3
1708;04/01/2021;892;EB501;1
1709;04/01/2021;1808;DS306;2
1710;04/01/2021;1696;EB502;5
1711;04/01/2021;1387;DK208;2
1712;04/01/2021;1625;DS307;2
1713;04/01/2021;1246;DK205;4
1714;04/01/2021;1566;TV806;5
1715;04/01/2021;1509;EB511;5
1716;05/01/2021;252;EB508;3
1717;05/01/2021;1902;TV812;3
1718;05/01/2021;1752;TV801;2
1719;05/01/2021;1601;EB519;3
1720;06/01/2021;2061;BP102;2
1721;06/01/2021;24;EB508;4
1722;06/01/2021;1910;DK206;2
1723;07/01/2021;1175;TV804;2
1724;07/01/2021;1638;EB508;3
1725;07/01/2021;818;RK605;4
1726;08/01/2021;719;DS305;3
1727;08/01/2021;1559;DS304;5
1728;09/01/2021;1219;DS304;4
1729;09/01/2021;1676;EB513;1
1730;09/01/2021;232;EB512;5
1731;09/01/2021;1515;DS305;4
1732;10/01/2021;1064;DS306;2
1733;11/01/2021;1208;RS702;6
1734;11/01/2021;820;EB509;4
1735;11/01/2021;2021;RK602;3
1736;11/01/2021;1518;EB513;4
1737;11/01/2021;1315;EB508;3
1738;11/01/2021;762;TV803;3
1739;11/01/2021;2094;DS303;6
1740;12/01/2021;1037;TV809;4
1741;12/01/2021;1939;RS702;5
1742;12/01/2021;263;TV806;4
1743;12/01/2021;1796;RS707;3
1744;12/01/2021;700;RK606;5
1745;13/01/2021;594;BP107;5
1746;13/01/2021;831;TV808;5
1747;13/01/2021;411;BP102;3
1748;13/01/2021;1534;BP106;3
1749;13/01/2021;322;RK607;5
1750;13/01/2021;1005;EB508;4
1751;13/01/2021;291;EB506;3
1752;13/01/2021;2081;BP110;5
1753;14/01/2021;2108;EB513;6
1754;14/01/2021;1606;EB501;4
1755;14/01/2021;1564;BP101;2
1756;14/01/2021;619;BP101;2
1757;14/01/2021;2058;DS302;2
1758;15/01/2021;923;BP101;1
1759;15/01/2021;523;TV802;4
1760;15/01/2021;1548;RK604;5
1761;15/01/2021;2028;DK201;5
1762;15/01/2021;1342;BP104;5
1763;16/01/2021;1902;EB502;4
1764;16/01/2021;1052;EB514;2
1765;16/01/2021;139;TV804;1
1766;16/01/2021;463;BP106;4
1767;16/01/2021;2045;DK203;1
1768;16/01/2021;521;RS707;1
1769;16/01/2021;758;DK204;6
1770;17/01/2021;1604;BP110;1
1771;17/01/2021;865;TV801;5
1772;17/01/2021;2104;EB506;6
1773;17/01/2021;213;RK605;3
1774;17/01/2021;1860;TV813;3
1775;17/01/2021;1884;RS705;3
1776;18/01/2021;2047;RS704;3
1777;18/01/2021;16;DS301;2
1778;18/01/2021;1407;TV813;2
1779;18/01/2021;402;RK607;2
1780;18/01/2021;1917;DS307;2
1781;19/01/2021;234;DK202;4
1782;19/01/2021;160;DS304;5
1783;19/01/2021;1425;TV807;2
1784;19/01/2021;1716;DK205;6
1785;20/01/2021;1859;TV811;3
1786;21/01/2021;708;TV807;1
1787;21/01/2021;411;EB519;1
1788;21/01/2021;35;TV802;6
1789;21/01/2021;98;EB505;3
1790;22/01/2021;1821;EB507;4
1791;22/01/2021;401;TV806;3
1792;22/01/2021;154;DK206;4
1793;22/01/2021;1767;EB521;6
1794;22/01/2021;320;EB512;3
1795;22/01/2021;1672;EB501;5
1796;22/01/2021;1809;RS705;2
1797;22/01/2021;1489;DS302;4
1798;23/01/2021;1339;RK604;4
1799;23/01/2021;1512;RS707;4
1800;23/01/2021;344;EB514;3
1801;23/01/2021;42;EB503;4
1802;24/01/2021;300;TV810;2
1803;24/01/2021;1955;DK204;2
1804;24/01/2021;312;DS305;4
1805;24/01/2021;766;TV812;4
1806;24/01/2021;502;DS301;2
1807;24/01/2021;499;DS302;5
1808;24/01/2021;346;RK605;4
1809;24/01/2021;535;DK202;5
1810;24/01/2021;607;EB513;4
1811;24/01/2021;537;DK204;2
1812;24/01/2021;656;EB501;5
1813;24/01/2021;1760;BP108;2
1814;24/01/2021;1054;TV803;2
1815;25/01/2021;1360;EB518;1
1816;25/01/2021;426;EB508;6
1817;25/01/2021;950;DK208;2
1818;25/01/2021;1258;DK205;2
1819;25/01/2021;2029;BP109;3
1820;26/01/2021;854;EB507;2
1821;26/01/2021;291;TV812;3
1822;26/01/2021;1349;TV808;3
1823;26/01/2021;60;RK604;3
1824;26/01/2021;1426;DK207;2
1825;27/01/2021;1462;DK207;3
1826;27/01/2021;1483;DK204;2
1827;27/01/2021;1537;RS704;4
1828;27/01/2021;1241;RS707;5
1829;28/01/2021;1885;TV810;4
1830;28/01/2021;1321;TV804;4
1831;29/01/2021;1578;DS305;3
1832;29/01/2021;1525;RK607;3
1833;29/01/2021;827;BP109;2
1834;29/01/2021;1697;DK209;6
1835;29/01/2021;1791;DS302;4
1836;29/01/2021;1135;EB501;2
1837;29/01/2021;446;BP101;5
1838;29/01/2021;576;EB501;6
1839;30/01/2021;385;DK209;2
1840;30/01/2021;1360;EB517;6
1841;30/01/2021;504;DK202;4
1842;30/01/2021;347;EB507;4
1843;30/01/2021;1728;RK602;2
1844;31/01/2021;284;TV808;6
1845;31/01/2021;1585;EB503;4
1846;31/01/2021;617;EB518;3
1847;31/01/2021;579;EB504;4
1848;31/01/2021;1873;TV804;4
1849;31/01/2021;1791;TV805;5
1850;31/01/2021;1215;EB504;1
1851;01/02/2021;1349;RK602;3
1852;01/02/2021;1747;DK202;3
1853;01/02/2021;358;DK204;3
1854;01/02/2021;86;BP106;4
1855;02/02/2021;1590;EB506;3
1856;02/02/2021;767;BP104;2
1857;02/02/2021;1671;EB509;5
1858;02/02/2021;1543;DK203;5
1859;03/02/2021;1551;EB520;2
1860;03/02/2021;613;EB503;4
1861;04/02/2021;967;RK607;3
1862;04/02/2021;683;RS705;4
1863;04/02/2021;265;RS703;5
1864;05/02/2021;1617;BP102;3
1865;05/02/2021;1663;DS302;6
1866;05/02/2021;387;DK208;5
1867;05/02/2021;398;DS302;4
1868;06/02/2021;601;EB506;2
1869;06/02/2021;2024;DK208;3
1870;06/02/2021;127;EB512;3
1871;06/02/2021;170;EB501;2
1872;06/02/2021;361;TV803;2
1873;06/02/2021;1317;RS702;4
1874;07/02/2021;1993;DK207;4
1875;07/02/2021;782;EB517;3
1876;07/02/2021;987;RK603;3
1877;07/02/2021;66;EB521;2
1878;08/02/2021;1740;RS707;5
1879;08/02/2021;1180;EB512;5
1880;08/02/2021;1907;EB519;3
1881;08/02/2021;1698;DK203;1
1882;08/02/2021;724;BP104;5
1883;08/02/2021;556;DK206;3
1884;08/02/2021;955;TV809;3
1885;08/02/2021;706;EB511;3
1886;09/02/2021;10;DK209;3
1887;09/02/2021;908;DK203;2
1888;09/02/2021;1376;EB504;5
1889;09/02/2021;1894;TV803;3
1890;10/02/2021;81;EB511;3
1891;10/02/2021;1777;EB514;5
1892;10/02/2021;1496;EB517;3
1893;10/02/2021;710;RS707;2
1894;11/02/2021;67;BP107;3
1895;11/02/2021;1406;BP101;3
1896;11/02/2021;1161;DK201;3
1897;11/02/2021;620;EB511;2
1898;12/02/2021;2079;BP110;5
1899;12/02/2021;1243;TV810;5
1900;12/02/2021;1616;EB509;2
1901;12/02/2021;628;EB517;5
1902;12/02/2021;1981;RS707;6
1903;12/02/2021;1928;BP104;2
1904;13/02/2021;1830;EB521;4
1905;13/02/2021;1194;EB514;4
1906;13/02/2021;852;EB502;3
1907;13/02/2021;35;EB505;3
1908;13/02/2021;818;BP107;6
1909;13/02/2021;688;RK603;2
1910;13/02/2021;1307;RK602;5
1911;13/02/2021;737;BP102;5
1912;13/02/2021;1247;DK203;3
1913;14/02/2021;1735;BP110;3
1914;14/02/2021;1489;EB502;2
1915;14/02/2021;399;RK607;5
1916;14/02/2021;892;DS304;4
1917;14/02/2021;1303;DS302;2
1918;15/02/2021;752;DK201;5
1919;15/02/2021;379;TV808;4
1920;15/02/2021;1277;EB504;3
1921;15/02/2021;1987;DK208;3
1922;15/02/2021;45;RS702;1
1923;15/02/2021;1315;TV813;3
1924;15/02/2021;1549;EB517;3
1925;16/02/2021;971;DK204;4
1926;16/02/2021;603;BP107;3
1927;16/02/2021;571;TV811;2
1928;16/02/2021;263;DS305;4
1929;16/02/2021;1258;TV804;2
1930;16/02/2021;1190;DK208;3
1931;16/02/2021;1472;BP101;4
1932;16/02/2021;211;EB507;4
1933;17/02/2021;1596;RS704;3
1934;17/02/2021;180;RS705;4
1935;18/02/2021;185;EB509;4
1936;18/02/2021;628;RK607;3
1937;18/02/2021;2012;TV802;4
1938;18/02/2021;1043;DS303;2
1939;19/02/2021;1956;DS303;4
1940;19/02/2021;262;RS705;3
1941;20/02/2021;1379;RS705;4
1942;20/02/2021;134;TV801;5
1943;20/02/2021;1201;DK205;2
1944;21/02/2021;1674;DK202;3
1945;21/02/2021;936;TV812;2
1946;21/02/2021;866;EB514;5
1947;21/02/2021;978;TV802;3
1948;22/02/2021;1552;EB503;3
1949;22/02/2021;179;EB505;3
1950;22/02/2021;1806;EB519;1
1951;22/02/2021;588;EB521;4
1952;22/02/2021;496;EB508;2
1953;22/02/2021;221;RS702;3
1954;22/02/2021;2062;DK203;2
1955;23/02/2021;1630;RK604;4
1956;23/02/2021;389;EB514;4
1957;23/02/2021;200;TV805;5
1958;23/02/2021;1188;DS302;1
1959;23/02/2021;1777;BP107;4
1960;24/02/2021;1269;RS704;3
1961;24/02/2021;2033;BP104;4
1962;24/02/2021;404;DS301;5
1963;24/02/2021;1103;BP104;1
1964;24/02/2021;1732;EB519;3
1965;25/02/2021;1599;TV809;3
1966;25/02/2021;935;BP108;4
1967;25/02/2021;964;DS304;2
1968;25/02/2021;938;TV804;2
1969;25/02/2021;1034;BP107;5
1970;25/02/2021;1800;BP108;5
1971;26/02/2021;688;EB507;6
1972;26/02/2021;567;EB518;3
1973;26/02/2021;367;DS306;6
1974;26/02/2021;2024;DS301;5
1975;26/02/2021;293;EB501;5
1976;27/02/2021;1324;TV807;1
1977;27/02/2021;1627;RS704;2
1978;27/02/2021;1181;RK607;2
1979;28/02/2021;1906;TV809;3
1980;28/02/2021;152;RK602;4
1981;28/02/2021;184;DK205;4
1982;28/02/2021;297;DS305;6
1983;01/03/2021;2076;DK208;2
1984;01/03/2021;307;TV804;3
1985;01/03/2021;1682;DK208;3
1986;01/03/2021;1386;DK207;5
1987;01/03/2021;1699;DS303;2
1988;01/03/2021;1952;DS302;2
1989;01/03/2021;2041;RS703;4
1990;01/03/2021;1966;DK204;4
1991;01/03/2021;864;DS305;4
1992;02/03/2021;1589;BP110;4
1993;02/03/2021;2058;TV801;4
1994;02/03/2021;273;RK606;3
1995;02/03/2021;1886;TV805;2
1996;03/03/2021;1496;RS707;2
1997;03/03/2021;1378;RK606;2
1998;03/03/2021;243;DK205;2
1999;04/03/2021;1566;EB521;2
2000;04/03/2021;615;EB506;4
2001;04/03/2021;174;EB505;4
2002;04/03/2021;1998;TV810;6
2003;04/03/2021;7;EB514;3
2004;05/03/2021;797;DK203;4
2005;05/03/2021;1421;RS702;1
2006;05/03/2021;394;TV807;3
2007;05/03/2021;2033;RK604;5
2008;06/03/2021;1759;TV802;4
2009;06/03/2021;1314;TV803;2
2010;06/03/2021;1163;EB506;3
2011;07/03/2021;593;BP107;4
2012;07/03/2021;2002;DK208;5
2013;07/03/2021;1130;EB505;4
2014;07/03/2021;1661;EB516;3
2015;07/03/2021;1131;BP110;4
2016;07/03/2021;67;BP104;5
2017;07/03/2021;1761;DS301;2
2018;07/03/2021;520;DS305;3
2019;07/03/2021;291;DK206;6
2020;07/03/2021;2083;BP102;3
2021;08/03/2021;940;TV809;2
2022;09/03/2021;1001;DS301;2
2023;09/03/2021;1607;EB504;3
2024;09/03/2021;1243;DK202;5
2025;09/03/2021;1749;EB513;4
2026;10/03/2021;1928;EB516;4
2027;10/03/2021;71;RK604;2
2028;11/03/2021;1724;TV806;5
2029;11/03/2021;827;BP101;2
2030;11/03/2021;309;EB505;3
2031;11/03/2021;1907;RS706;1
2032;12/03/2021;1118;TV807;2
2033;12/03/2021;244;EB503;6
2034;12/03/2021;949;EB508;3
2035;12/03/2021;643;EB507;3
2036;12/03/2021;505;BP102;3
2037;13/03/2021;234;DS302;3
2038;13/03/2021;1042;TV812;2
2039;13/03/2021;998;TV802;3
2040;13/03/2021;2103;EB520;3
2041;13/03/2021;120;RS703;2
2042;14/03/2021;421;TV810;3
2043;14/03/2021;1648;TV802;4
2044;14/03/2021;1589;TV813;4
2045;14/03/2021;1300;EB519;4
2046;14/03/2021;991;EB506;2
2047;14/03/2021;1202;DK201;5
2048;14/03/2021;1210;EB507;4
2049;15/03/2021;191;DS306;4
2050;15/03/2021;619;TV808;3
2051;16/03/2021;1720;BP107;5
2052;16/03/2021;269;DS304;2
2053;16/03/2021;185;RS704;2
2054;16/03/2021;1202;TV811;4
2055;16/03/2021;1375;BP101;3
2056;16/03/2021;1116;DK201;2
2057;17/03/2021;711;DK204;3
2058;17/03/2021;1591;RK606;4
2059;18/03/2021;988;EB512;3
2060;18/03/2021;763;TV812;1
2061;18/03/2021;2038;BP104;2
2062;18/03/2021;635;DS306;2
2063;19/03/2021;1614;TV811;2
2064;19/03/2021;1873;EB501;5
2065;19/03/2021;328;TV812;2
2066;19/03/2021;1397;EB504;3
2067;19/03/2021;1751;EB501;4
2068;19/03/2021;844;DS307;3
2069;20/03/2021;2081;EB508;2
2070;20/03/2021;1976;BP108;4
2071;20/03/2021;999;EB511;4
2072;20/03/2021;20;BP110;5
2073;21/03/2021;1960;DK203;4
2074;22/03/2021;1004;DK206;4
2075;22/03/2021;1198;DS305;3
2076;22/03/2021;1856;BP101;4
2077;22/03/2021;1411;RK602;2
2078;22/03/2021;1304;DS306;4
2079;23/03/2021;813;DS307;4
2080;24/03/2021;1190;RS705;3
2081;24/03/2021;1040;TV801;3
2082;24/03/2021;213;DK206;2
2083;24/03/2021;1657;DK207;4
2084;24/03/2021;271;RS707;4
2085;24/03/2021;857;TV807;4
2086;24/03/2021;1759;DK203;3
2087;25/03/2021;1168;BP109;2
2088;25/03/2021;836;EB516;3
2089;25/03/2021;1128;DS303;5
2090;25/03/2021;1022;BP109;3
2091;25/03/2021;2079;EB511;5
2092;25/03/2021;1904;DK203;3
2093;25/03/2021;1172;EB521;3
2094;26/03/2021;70;DK206;5
2095;26/03/2021;2116;EB514;3
2096;26/03/2021;1975;EB502;1
2097;26/03/2021;2096;EB504;4
2098;27/03/2021;1498;DK201;2
2099;27/03/2021;368;EB502;3
2100;28/03/2021;955;EB512;5
2101;28/03/2021;832;DK208;5
2102;28/03/2021;1006;DK203;4
2103;28/03/2021;1589;EB513;3
2104;29/03/2021;1333;DS303;2
2105;29/03/2021;1653;DS307;2
2106;29/03/2021;64;TV812;1
2107;29/03/2021;1010;EB520;3
2108;29/03/2021;1242;DS301;6
2109;29/03/2021;1195;TV801;1
2110;29/03/2021;2098;RK605;2
2111;29/03/2021;705;DK206;2
2112;29/03/2021;440;BP108;2
2113;30/03/2021;795;DS305;3
2114;30/03/2021;488;DK202;3
2115;30/03/2021;344;EB503;3
2116;30/03/2021;1297;RS705;4
2117;31/03/2021;1923;EB507;3
2118;31/03/2021;946;EB505;5
2119;31/03/2021;1164;EB514;4
2120;01/04/2021;698;BP110;5
2121;01/04/2021;1085;DK204;6
2122;01/04/2021;980;TV813;1
2123;01/04/2021;1587;RS707;5
2124;01/04/2021;1414;DK203;3
2125;02/04/2021;643;RK605;5
2126;02/04/2021;292;DS306;5
2127;02/04/2021;579;DS305;5
2128;02/04/2021;1508;TV802;2
2129;02/04/2021;126;EB512;5
2130;02/04/2021;624;EB503;4
2131;02/04/2021;319;BP107;5
2132;02/04/2021;1259;RS704;5
2133;02/04/2021;591;EB505;3
2134;02/04/2021;1758;EB503;5
2135;02/04/2021;1699;EB519;3
2136;03/04/2021;882;BP105;5
2137;03/04/2021;2110;DS305;1
2138;03/04/2021;731;BP110;3
2139;03/04/2021;1142;TV811;4
2140;03/04/2021;1039;EB502;2
2141;04/04/2021;2056;TV806;3
2142;04/04/2021;1378;EB507;2
2143;05/04/2021;993;RK605;1
2144;05/04/2021;296;TV810;3
2145;06/04/2021;1016;BP107;1
2146;07/04/2021;1829;TV806;3
2147;07/04/2021;424;DK201;4
2148;08/04/2021;1859;RK607;5
2149;08/04/2021;1821;RK606;2
2150;08/04/2021;1046;BP110;4
2151;08/04/2021;172;DK204;3
2152;08/04/2021;928;TV806;3
2153;08/04/2021;1750;BP110;6
2154;09/04/2021;1190;RK604;2
2155;09/04/2021;1843;EB509;5
2156;09/04/2021;1444;EB507;2
2157;09/04/2021;1040;EB507;3
2158;09/04/2021;681;RK603;4
2159;09/04/2021;561;TV809;4
2160;09/04/2021;1162;EB518;5
2161;10/04/2021;509;TV810;4
2162;10/04/2021;405;BP110;5
2163;10/04/2021;1879;TV808;3
2164;10/04/2021;1638;EB506;2
2165;10/04/2021;1704;RS706;4
2166;11/04/2021;963;DK205;6
2167;11/04/2021;87;BP101;6
2168;11/04/2021;1971;DS303;5
2169;11/04/2021;1430;DK209;2
2170;12/04/2021;1587;EB514;2
2171;12/04/2021;1804;EB504;3
2172;12/04/2021;1620;TV802;3
2173;12/04/2021;842;BP108;2
2174;12/04/2021;606;EB518;6
2175;12/04/2021;486;DS302;3
2176;13/04/2021;754;DK208;5
2177;13/04/2021;98;BP102;3
2178;14/04/2021;28;DS305;2
2179;14/04/2021;1220;DS304;5
2180;14/04/2021;1532;EB505;5
2181;14/04/2021;940;EB501;2
2182;14/04/2021;1708;RK602;3
2183;15/04/2021;76;DK206;3
2184;15/04/2021;1441;BP102;1
2185;15/04/2021;336;DK208;4
2186;15/04/2021;13;EB501;6
2187;15/04/2021;1383;DS301;3
2188;15/04/2021;481;BP110;1
2189;15/04/2021;1233;BP108;5
2190;16/04/2021;465;TV812;5
2191;16/04/2021;892;RS705;4
2192;16/04/2021;1500;RS705;4
2193;16/04/2021;2087;RK603;2
2194;16/04/2021;1226;RK605;2
2195;17/04/2021;683;DK208;3
2196;17/04/2021;1243;DS306;4
2197;17/04/2021;1098;TV812;3
2198;18/04/2021;360;EB514;5
2199;18/04/2021;1577;DS305;4
2200;18/04/2021;2048;EB519;6
2201;18/04/2021;1568;EB506;5
2202;18/04/2021;1441;BP109;3
2203;19/04/2021;1392;DK208;3
2204;19/04/2021;259;DS303;4
2205;19/04/2021;1171;TV813;4
2206;19/04/2021;452;EB521;2
2207;19/04/2021;471;TV807;5
2208;19/04/2021;1258;BP101;3
2209;19/04/2021;1682;TV812;5
2210;20/04/2021;990;TV803;3
2211;20/04/2021;79;RS703;4
2212;20/04/2021;610;DK207;4
2213;20/04/2021;1947;EB504;4
2214;21/04/2021;974;BP109;5
2215;21/04/2021;859;DK203;2
2216;22/04/2021;1550;RK607;5
2217;22/04/2021;1587;DS302;3
2218;22/04/2021;883;BP108;2
2219;22/04/2021;679;DS302;4
2220;22/04/2021;1823;EB514;6
2221;22/04/2021;866;TV803;3
2222;22/04/2021;511;BP107;2
2223;23/04/2021;1578;DK208;1
2224;23/04/2021;2089;RK605;4
2225;23/04/2021;1533;EB503;3
2226;23/04/2021;412;DK206;4
2227;23/04/2021;297;BP110;5
2228;23/04/2021;1057;EB512;3
2229;23/04/2021;1328;EB502;4
2230;24/04/2021;1573;TV809;4
2231;24/04/2021;871;DS301;5
2232;24/04/2021;206;TV801;5
2233;24/04/2021;1059;TV802;2
2234;24/04/2021;956;TV808;4
2235;24/04/2021;32;TV807;4
2236;24/04/2021;691;EB502;2
2237;25/04/2021;1191;BP107;4
2238;25/04/2021;329;BP107;3
2239;25/04/2021;1226;TV810;3
2240;25/04/2021;1970;EB514;5
2241;26/04/2021;853;EB516;1
2242;26/04/2021;198;EB503;3
2243;26/04/2021;1188;RK606;4
2244;27/04/2021;1485;EB506;2
2245;27/04/2021;1628;BP102;4
2246;27/04/2021;1016;DS304;5
2247;28/04/2021;591;DK207;1
2248;28/04/2021;1947;TV812;4
2249;28/04/2021;1647;RS706;5
2250;28/04/2021;451;RS707;4
2251;29/04/2021;1571;RS703;3
2252;29/04/2021;1200;EB513;2
2253;30/04/2021;825;EB505;3
2254;30/04/2021;549;DK204;2
2255;30/04/2021;1016;EB516;3
2256;30/04/2021;938;DS301;2
2257;30/04/2021;2113;RK607;6
2258;01/05/2021;1809;TV813;3
2259;01/05/2021;1011;EB520;1
2260;01/05/2021;882;EB506;6
2261;01/05/2021;1752;TV806;4
2262;01/05/2021;1536;BP108;5
2263;01/05/2021;668;EB508;4
2264;01/05/2021;136;EB521;5
2265;01/05/2021;1941;TV811;4
2266;02/05/2021;72;TV812;2
2267;02/05/2021;334;RK605;5
2268;02/05/2021;1961;TV803;4
2269;02/05/2021;764;EB514;4
2270;02/05/2021;1471;RS704;3
2271;02/05/2021;1712;DS301;3
2272;03/05/2021;1698;EB512;4
2273;03/05/2021;1417;RS702;4
2274;03/05/2021;119;RS706;4
2275;03/05/2021;1124;EB514;3
2276;03/05/2021;46;RK605;5
2277;04/05/2021;848;TV813;4
2278;04/05/2021;339;DK206;3
2279;04/05/2021;109;DS305;4
2280;04/05/2021;1045;BP104;3
2281;04/05/2021;1565;TV801;5
2282;04/05/2021;1940;DS307;3
2283;04/05/2021;545;TV801;3
2284;04/05/2021;837;RK604;2
2285;05/05/2021;1023;TV812;5
2286;05/05/2021;832;EB516;5
2287;05/05/2021;2021;EB507;5
2288;06/05/2021;1479;DK209;5
2289;06/05/2021;1990;EB512;1
2290;06/05/2021;993;EB521;4
2291;06/05/2021;931;DK202;3
2292;06/05/2021;1587;EB516;3
2293;06/05/2021;875;EB516;1
2294;07/05/2021;1054;BP101;3
2295;07/05/2021;1692;BP107;3
2296;07/05/2021;1315;RK604;1
2297;07/05/2021;344;TV804;5
2298;08/05/2021;1061;EB504;5
2299;08/05/2021;1275;BP104;3
2300;08/05/2021;1658;EB514;4
2301;09/05/2021;1389;EB502;4
2302;09/05/2021;49;DK207;2
2303;10/05/2021;2012;TV809;3
2304;10/05/2021;399;DK206;3
2305;10/05/2021;273;EB508;1
2306;10/05/2021;1032;BP109;2
2307;10/05/2021;1897;EB502;2
2308;10/05/2021;2065;RS703;4
2309;10/05/2021;138;EB519;3
2310;10/05/2021;2072;TV806;4
2311;10/05/2021;1929;BP109;3
2312;11/05/2021;1066;TV806;4
2313;11/05/2021;1357;RK604;4
2314;11/05/2021;910;EB503;6
2315;11/05/2021;1141;RK607;4
2316;12/05/2021;747;DK204;5
2317;12/05/2021;461;BP102;4
2318;13/05/2021;941;TV810;6
2319;13/05/2021;1306;DS302;3
2320;13/05/2021;634;DK203;2
2321;13/05/2021;829;EB520;3
2322;13/05/2021;1501;EB514;4
2323;13/05/2021;571;EB516;1
2324;14/05/2021;1778;EB508;4
2325;14/05/2021;420;TV801;2
2326;14/05/2021;449;TV812;4
2327;14/05/2021;1304;DS301;5
2328;14/05/2021;74;BP101;6
2329;14/05/2021;1633;RK606;5
2330;14/05/2021;382;BP107;4
2331;15/05/2021;1902;EB507;4
2332;15/05/2021;1472;TV811;4
2333;15/05/2021;1087;RS705;3
2334;15/05/2021;1628;TV807;3
2335;15/05/2021;1063;EB513;1
2336;16/05/2021;221;RK604;5
2337;16/05/2021;1363;EB504;4
2338;16/05/2021;1239;RS702;2
2339;16/05/2021;1515;RS706;2
2340;16/05/2021;1044;TV802;5
2341;16/05/2021;1262;TV805;6
2342;17/05/2021;731;EB504;3
2343;17/05/2021;2;TV811;5
2344;17/05/2021;14;DS304;3
2345;17/05/2021;1632;TV804;3
2346;17/05/2021;1059;RS704;2
2347;17/05/2021;497;EB521;5
2348;17/05/2021;809;EB509;4
2349;18/05/2021;688;DK204;2
2350;18/05/2021;1107;DK204;2
2351;18/05/2021;2060;DS307;4
2352;19/05/2021;55;EB511;3
2353;19/05/2021;722;EB503;3
2354;19/05/2021;819;BP101;5
2355;19/05/2021;1225;EB513;3
2356;19/05/2021;2104;RS706;4
2357;19/05/2021;956;RS706;4
2358;20/05/2021;2120;DS303;4
2359;20/05/2021;349;BP110;3
2360;20/05/2021;348;RK603;4
2361;21/05/2021;524;BP108;2
2362;21/05/2021;611;EB507;4
2363;21/05/2021;1870;EB502;1
2364;22/05/2021;1062;EB503;5
2365;22/05/2021;1975;DS302;2
2366;22/05/2021;1720;DS306;2
2367;22/05/2021;90;DS303;2
2368;23/05/2021;1749;RK602;4
2369;23/05/2021;2066;EB513;4
2370;23/05/2021;445;RK605;2
2371;23/05/2021;794;DK209;5
2372;23/05/2021;785;RK602;3
2373;23/05/2021;1921;EB512;4
2374;24/05/2021;608;EB517;5
2375;24/05/2021;961;DK201;3
2376;25/05/2021;430;DK203;3
2377;25/05/2021;1515;EB520;2
2378;25/05/2021;1759;DS303;2
2379;26/05/2021;846;BP101;4
2380;26/05/2021;759;BP110;3
2381;26/05/2021;1681;RK602;5
2382;27/05/2021;392;DK209;4
2383;27/05/2021;1207;EB518;3
2384;27/05/2021;101;TV812;4
2385;28/05/2021;1043;DK203;4
2386;28/05/2021;1818;RS705;5
2387;29/05/2021;1113;RK607;2
2388;29/05/2021;2081;TV808;6
2389;30/05/2021;1242;DK201;6
2390;30/05/2021;1691;TV801;3
2391;30/05/2021;277;RK602;4
2392;30/05/2021;641;EB513;4
2393;31/05/2021;819;TV809;3
2394;31/05/2021;2077;EB507;5
2395;31/05/2021;1690;EB518;5
2396;01/06/2021;1046;BP110;6
2397;01/06/2021;1836;DS303;1
2398;01/06/2021;770;EB520;1
2399;01/06/2021;646;BP104;3
2400;01/06/2021;87;TV805;3
2401;02/06/2021;729;RS702;3
2402;02/06/2021;1588;DS305;1
2403;02/06/2021;1270;EB518;2
2404;02/06/2021;904;DK205;4
2405;03/06/2021;390;EB509;3
2406;03/06/2021;1930;DK202;5
2407;03/06/2021;112;TV808;1
2408;03/06/2021;1623;RK603;5
2409;03/06/2021;356;BP110;5
2410;03/06/2021;782;EB511;3
2411;04/06/2021;267;TV804;3
2412;04/06/2021;1565;DS302;2
2413;04/06/2021;1462;TV813;5
2414;04/06/2021;1572;EB516;4
2415;04/06/2021;274;TV810;3
2416;04/06/2021;1119;DS304;5
2417;05/06/2021;145;EB508;1
2418;05/06/2021;1806;BP105;3
2419;05/06/2021;69;EB512;3
2420;05/06/2021;1677;RK604;3
2421;05/06/2021;567;RK605;5
2422;05/06/2021;256;TV810;4
2423;05/06/2021;1958;RK605;3
2424;06/06/2021;1934;DK205;3
2425;06/06/2021;1101;DS304;6
2426;06/06/2021;1445;DK203;6
2427;06/06/2021;202;DS304;5
2428;06/06/2021;720;EB514;1
2429;07/06/2021;614;DK206;3
2430;08/06/2021;469;RS702;4
2431;08/06/2021;677;BP102;2
2432;08/06/2021;1886;EB502;4
2433;08/06/2021;1610;EB508;6
2434;08/06/2021;959;EB503;3
2435;08/06/2021;127;BP110;4
2436;09/06/2021;1103;RK602;3
2437;09/06/2021;338;EB505;2
2438;09/06/2021;1227;EB519;4
2439;09/06/2021;2001;EB508;2
2440;09/06/2021;1462;RK606;2
2441;10/06/2021;155;TV805;2
2442;10/06/2021;807;DK204;5
2443;10/06/2021;1954;BP110;4
2444;11/06/2021;1012;RS706;5
2445;11/06/2021;2087;EB520;5
2446;11/06/2021;338;EB520;3
2447;11/06/2021;907;DS306;5
2448;11/06/2021;626;DK209;3
2449;11/06/2021;202;RS704;3
2450;11/06/2021;16;RS707;3
2451;12/06/2021;2068;RK602;3
2452;12/06/2021;645;DS303;5
2453;12/06/2021;534;BP109;5
2454;12/06/2021;1111;EB513;4
2455;12/06/2021;48;TV804;3
2456;12/06/2021;1249;EB507;3
2457;12/06/2021;1778;BP102;3
2458;13/06/2021;1776;DS307;1
2459;13/06/2021;1704;DK208;2
2460;13/06/2021;661;RS705;5
2461;13/06/2021;909;EB514;5
2462;13/06/2021;1524;RS703;5
2463;13/06/2021;583;TV805;4
2464;13/06/2021;575;RK606;5
2465;14/06/2021;432;EB504;2
2466;14/06/2021;501;EB502;4
2467;14/06/2021;1957;DS302;3
2468;14/06/2021;1637;BP108;3
2469;14/06/2021;1319;EB517;3
2470;14/06/2021;1902;RS703;3
2471;15/06/2021;1349;EB502;3
2472;15/06/2021;807;EB503;2
2473;15/06/2021;820;TV813;2
2474;15/06/2021;1032;EB517;3
2475;15/06/2021;2111;BP107;5
2476;15/06/2021;370;DS305;3
2477;15/06/2021;1921;BP105;3
2478;15/06/2021;1890;EB518;6
2479;16/06/2021;717;DS306;5
2480;16/06/2021;398;RS703;6
2481;16/06/2021;977;EB507;4
2482;17/06/2021;1010;BP107;3
2483;17/06/2021;669;EB514;3
2484;17/06/2021;1432;TV805;3
2485;17/06/2021;1707;BP109;4
2486;17/06/2021;766;EB508;5
2487;17/06/2021;1117;TV808;4
2488;17/06/2021;1430;BP106;4
2489;17/06/2021;1201;RK603;4
2490;17/06/2021;2021;DK205;2
2491;17/06/2021;1822;TV810;4
2492;18/06/2021;2003;TV810;5
2493;18/06/2021;914;RS705;6
2494;18/06/2021;685;RS702;2
2495;18/06/2021;1324;EB507;1
2496;18/06/2021;198;EB503;4
2497;19/06/2021;611;DK205;4
2498;19/06/2021;1131;BP104;2
2499;19/06/2021;1541;TV803;6
2500;19/06/2021;1481;RK604;5
2501;19/06/2021;1013;DK202;2
2502;20/06/2021;1382;TV806;4
2503;20/06/2021;1676;TV806;1
2504;20/06/2021;1042;TV809;3
2505;21/06/2021;1138;BP110;5
2506;21/06/2021;1484;TV802;4
2507;21/06/2021;1756;DS301;2
2508;21/06/2021;909;BP110;2
2509;21/06/2021;474;RS705;5
2510;21/06/2021;1092;DK206;5
2511;21/06/2021;1337;BP109;3
2512;21/06/2021;1547;RK602;5
2513;21/06/2021;309;RS704;2
2514;21/06/2021;1552;DS305;6
2515;21/06/2021;1109;TV804;2
2516;22/06/2021;2119;BP107;4
2517;22/06/2021;522;RS707;5
2518;22/06/2021;973;BP102;1
2519;22/06/2021;599;EB513;4
2520;22/06/2021;793;DK203;2
2521;22/06/2021;904;EB503;4
2522;22/06/2021;125;RK602;1
2523;23/06/2021;1197;EB505;4
2524;23/06/2021;22;BP104;3
2525;23/06/2021;152;EB503;5
2526;23/06/2021;466;DK208;3
2527;24/06/2021;783;DK208;6
2528;24/06/2021;1731;DS307;3
2529;24/06/2021;1554;EB502;3
2530;24/06/2021;1310;TV809;3
2531;24/06/2021;867;BP107;2
2532;24/06/2021;28;DS306;3
2533;25/06/2021;985;RS702;1
2534;25/06/2021;1050;EB513;5
2535;25/06/2021;228;RS706;2
2536;26/06/2021;1177;EB503;6
2537;26/06/2021;1101;EB506;5
2538;26/06/2021;1494;RK607;2
2539;26/06/2021;931;EB505;3
2540;27/06/2021;859;DS305;6
2541;27/06/2021;1851;DK209;4
2542;27/06/2021;1351;DS302;1
2543;27/06/2021;654;EB521;3
2544;28/06/2021;277;DK202;3
2545;28/06/2021;625;DS303;5
2546;28/06/2021;772;EB512;4
2547;28/06/2021;614;TV805;4
2548;29/06/2021;449;TV804;3
2549;29/06/2021;88;BP102;1
2550;29/06/2021;1500;DK201;5
2551;29/06/2021;33;BP105;4
2552;29/06/2021;1743;EB508;3
2553;29/06/2021;341;EB502;5
2554;29/06/2021;261;BP105;2
2555;30/06/2021;1951;TV806;1
2556;30/06/2021;887;EB516;4
2557;30/06/2021;740;DK209;2
2558;30/06/2021;1958;DK201;3
2559;30/06/2021;2097;EB518;3
2560;30/06/2021;849;RS706;2
2561;30/06/2021;1774;EB521;5
2562;30/06/2021;1244;DS303;6
2563;01/07/2021;2043;BP107;3
2564;01/07/2021;1200;RK605;2
2565;01/07/2021;645;EB511;3
2566;01/07/2021;894;TV802;2
2567;01/07/2021;983;EB511;2
2568;01/07/2021;40;EB501;1
2569;01/07/2021;1915;RK605;2
2570;01/07/2021;490;EB521;4
2571;01/07/2021;634;TV812;5
2572;02/07/2021;222;TV813;2
2573;02/07/2021;378;EB505;5
2574;02/07/2021;404;TV808;2
2575;03/07/2021;1981;TV808;4
2576;03/07/2021;624;BP105;4
2577;03/07/2021;1024;TV805;4
2578;03/07/2021;106;BP109;3
2579;03/07/2021;904;TV803;2
2580;03/07/2021;1337;DS303;3
2581;04/07/2021;1804;EB503;3
2582;05/07/2021;1706;RK605;2
2583;05/07/2021;506;DS303;5
2584;06/07/2021;474;BP109;2
2585;06/07/2021;282;RK602;3
2586;06/07/2021;78;EB503;4
2587;06/07/2021;421;DS303;3
2588;06/07/2021;987;DK209;4
2589;07/07/2021;434;EB519;4
2590;07/07/2021;1953;TV801;6
2591;07/07/2021;1930;RK604;2
2592;07/07/2021;94;EB518;5
2593;07/07/2021;1834;BP105;3
2594;08/07/2021;119;BP109;5
2595;08/07/2021;732;DS302;4
2596;08/07/2021;263;DK202;4
2597;08/07/2021;364;BP106;2
2598;08/07/2021;1013;EB508;2
2599;08/07/2021;398;TV802;4
2600;09/07/2021;150;BP109;2
2601;09/07/2021;127;DS305;6
2602;09/07/2021;883;EB507;2
2603;09/07/2021;1392;RK605;5
2604;09/07/2021;733;TV811;6
2605;09/07/2021;1842;BP109;5
2606;10/07/2021;1244;EB512;5
2607;10/07/2021;617;BP110;1
2608;10/07/2021;1412;EB502;5
2609;10/07/2021;1864;TV809;3
2610;10/07/2021;1146;EB508;5
2611;10/07/2021;584;DK209;4
2612;10/07/2021;405;RK606;6
2613;11/07/2021;1878;RS707;4
2614;11/07/2021;737;RS707;2
2615;11/07/2021;1876;RK607;3
2616;11/07/2021;1762;TV804;2
2617;11/07/2021;1531;TV808;3
2618;11/07/2021;392;TV805;5
2619;12/07/2021;688;BP108;4
2620;12/07/2021;1425;EB509;5
2621;12/07/2021;1380;DS307;4
2622;12/07/2021;322;BP104;3
2623;12/07/2021;494;DS305;3
2624;12/07/2021;657;EB520;5
2625;12/07/2021;855;DK203;3
2626;13/07/2021;2066;BP102;2
2627;13/07/2021;196;EB506;1
2628;14/07/2021;557;TV802;4
2629;14/07/2021;1796;RS702;2
2630;14/07/2021;614;BP102;4
2631;15/07/2021;1644;DS305;3
2632;15/07/2021;711;DK201;4
2633;15/07/2021;222;TV809;1
2634;15/07/2021;1940;EB514;3
2635;16/07/2021;423;EB504;4
2636;16/07/2021;144;RS707;2
2637;16/07/2021;1974;DK201;2
2638;16/07/2021;1433;DS306;3
2639;17/07/2021;116;DK203;3
2640;17/07/2021;329;DK206;1
2641;17/07/2021;2024;EB513;2
2642;17/07/2021;833;EB513;3
2643;17/07/2021;1849;DK207;4
2644;17/07/2021;544;EB519;4
2645;17/07/2021;302;DK207;1
2646;18/07/2021;42;BP101;3
2647;18/07/2021;1693;DS301;3
2648;18/07/2021;755;BP106;4
2649;18/07/2021;1698;EB505;4
2650;18/07/2021;955;DS305;5
2651;18/07/2021;1790;BP105;3
2652;19/07/2021;301;TV811;4
2653;19/07/2021;2073;EB501;4
2654;19/07/2021;316;TV805;3
2655;19/07/2021;941;TV809;3
2656;19/07/2021;1956;RS703;6
2657;19/07/2021;121;EB502;5
2658;20/07/2021;761;TV813;4
2659;20/07/2021;501;BP108;3
2660;20/07/2021;2038;TV803;5
2661;20/07/2021;16;DK208;4
2662;21/07/2021;620;RK602;5
2663;21/07/2021;496;EB506;2
2664;22/07/2021;100;EB521;4
2665;22/07/2021;140;EB503;1
2666;22/07/2021;126;EB511;3
2667;22/07/2021;265;TV806;3
2668;23/07/2021;1069;TV802;5
2669;23/07/2021;366;RK605;2
2670;24/07/2021;1942;EB520;5
2671;24/07/2021;1781;EB521;2
2672;24/07/2021;1524;RK602;4
2673;25/07/2021;1497;TV811;4
2674;25/07/2021;1296;EB503;3
2675;25/07/2021;1731;TV811;4
2676;25/07/2021;1;TV803;2
2677;25/07/2021;2048;DS303;3
2678;25/07/2021;777;DS302;2
2679;26/07/2021;364;TV803;4
2680;27/07/2021;223;TV811;3
2681;27/07/2021;1851;RK602;3
2682;27/07/2021;379;EB504;4
2683;27/07/2021;2108;BP109;6
2684;27/07/2021;968;TV810;3
2685;27/07/2021;1178;TV812;2
2686;27/07/2021;1594;EB512;4
2687;28/07/2021;1311;TV807;2
2688;28/07/2021;518;BP102;2
2689;28/07/2021;1863;BP104;2
2690;28/07/2021;854;RK605;2
2691;29/07/2021;2119;BP109;4
2692;30/07/2021;1729;BP106;4
2693;30/07/2021;396;EB521;3
2694;30/07/2021;213;DK204;3
2695;30/07/2021;1658;BP106;3
2696;30/07/2021;1194;TV813;2
2697;31/07/2021;1203;RS707;5
2698;31/07/2021;880;TV810;2
2699;31/07/2021;1744;RS702;4
2700;31/07/2021;692;TV808;2
2701;01/08/2021;1213;TV809;3
2702;01/08/2021;544;DS306;2
2703;01/08/2021;1322;EB502;2
2704;01/08/2021;245;TV802;4
2705;01/08/2021;1148;RS706;6
2706;02/08/2021;1305;BP106;5
2707;02/08/2021;906;BP109;4
2708;02/08/2021;660;BP109;4
2709;03/08/2021;626;EB503;3
2710;03/08/2021;17;TV807;3
2711;03/08/2021;2051;RS704;5
2712;03/08/2021;1753;EB511;5
2713;03/08/2021;1841;RS703;3
2714;03/08/2021;1721;RS705;3
2715;04/08/2021;1706;EB518;4
2716;04/08/2021;1088;EB508;2
2717;04/08/2021;2034;DS303;5
2718;04/08/2021;796;BP109;3
2719;05/08/2021;432;EB509;3
2720;05/08/2021;1906;BP105;2
2721;05/08/2021;1219;DS301;1
2722;05/08/2021;1733;TV804;3
2723;05/08/2021;1351;RK607;4
2724;05/08/2021;1942;DK209;4
2725;05/08/2021;1811;BP105;3
2726;05/08/2021;2105;DK208;4
2727;05/08/2021;863;EB517;5
2728;06/08/2021;378;TV812;3
2729;06/08/2021;1549;RS706;5
2730;06/08/2021;1032;RK603;2
2731;06/08/2021;1337;TV805;3
2732;06/08/2021;1581;EB507;1
2733;07/08/2021;494;EB514;4
2734;07/08/2021;1654;BP109;3
2735;07/08/2021;476;DK204;2
2736;07/08/2021;320;TV803;4
2737;07/08/2021;1532;RK606;3
2738;08/08/2021;1102;DS301;5
2739;08/08/2021;327;DK208;1
2740;08/08/2021;1028;TV813;3
2741;08/08/2021;1760;BP106;4
2742;09/08/2021;581;RK603;4
2743;09/08/2021;2068;TV802;1
2744;10/08/2021;737;RS703;3
2745;11/08/2021;725;TV810;5
2746;11/08/2021;889;TV811;5
2747;11/08/2021;286;TV807;4
2748;11/08/2021;320;TV813;5
2749;11/08/2021;982;TV810;4
2750;11/08/2021;442;EB504;5
2751;11/08/2021;502;DK202;4
2752;11/08/2021;2055;BP105;3
2753;12/08/2021;459;EB501;4
2754;12/08/2021;1968;EB513;5
2755;12/08/2021;1461;TV802;5
2756;13/08/2021;175;TV804;3
2757;13/08/2021;100;EB516;4
2758;13/08/2021;1513;DK203;4
2759;13/08/2021;1812;EB503;5
2760;14/08/2021;552;DS306;4
2761;14/08/2021;2025;DK209;5
2762;14/08/2021;1592;EB509;4
2763;14/08/2021;1746;EB504;2
2764;15/08/2021;281;TV806;4
2765;15/08/2021;1581;EB501;3
2766;15/08/2021;1381;TV810;6
2767;16/08/2021;400;EB504;2
2768;16/08/2021;1399;EB520;2
2769;16/08/2021;881;TV802;5
2770;16/08/2021;225;TV812;3
2771;17/08/2021;1890;EB514;2
2772;17/08/2021;1395;EB502;3
2773;18/08/2021;1755;EB505;5
2774;18/08/2021;1177;RS702;5
2775;18/08/2021;551;TV812;3
2776;18/08/2021;1179;EB502;1
2777;18/08/2021;90;TV805;5
2778;18/08/2021;1597;RS704;3
2779;19/08/2021;1687;TV802;3
2780;19/08/2021;88;EB501;5
2781;20/08/2021;180;TV809;3
2782;20/08/2021;1202;RS702;4
2783;20/08/2021;444;TV808;2
2784;20/08/2021;2116;TV806;4
2785;21/08/2021;1813;TV801;5
2786;21/08/2021;1656;DK202;6
2787;21/08/2021;1977;EB520;1
2788;21/08/2021;1438;BP109;3
2789;22/08/2021;373;RK603;4
2790;22/08/2021;62;EB511;2
2791;22/08/2021;1268;BP108;2
2792;22/08/2021;1526;RS704;4
2793;22/08/2021;1957;EB502;1
2794;22/08/2021;1016;RS703;4
2795;23/08/2021;142;EB506;5
2796;23/08/2021;728;DS301;2
2797;23/08/2021;1047;RS706;4
2798;23/08/2021;235;TV810;3
2799;24/08/2021;1997;BP108;5
2800;24/08/2021;971;EB509;4
2801;24/08/2021;1136;BP108;4
2802;24/08/2021;1246;DK206;6
2803;25/08/2021;403;EB509;3
2804;25/08/2021;1246;EB506;4
2805;26/08/2021;1935;TV803;2
2806;26/08/2021;1413;RS703;6
2807;26/08/2021;1369;TV811;4
2808;26/08/2021;1440;EB507;2
2809;26/08/2021;1848;RK606;2
2810;26/08/2021;1867;EB511;2
2811;27/08/2021;2009;RK603;4
2812;27/08/2021;755;DS303;4
2813;28/08/2021;1865;DK204;2
2814;28/08/2021;1308;TV809;3
2815;28/08/2021;1831;TV812;1
2816;28/08/2021;1298;BP106;4
2817;28/08/2021;1838;DS306;2
2818;28/08/2021;2064;BP101;3
2819;28/08/2021;20;BP110;6
2820;28/08/2021;1370;RK606;3
2821;28/08/2021;2092;EB512;6
2822;29/08/2021;633;DS303;4
2823;29/08/2021;850;EB507;5
2824;29/08/2021;511;TV804;5
2825;29/08/2021;1331;EB508;2
2826;29/08/2021;1676;EB508;4
2827;29/08/2021;1856;DS303;2
2828;30/08/2021;518;EB501;3
2829;30/08/2021;1897;RS702;5
2830;30/08/2021;246;EB521;3
2831;30/08/2021;1368;EB504;2
2832;31/08/2021;1324;RK606;3
2833;31/08/2021;172;EB513;3
2834;31/08/2021;455;EB507;2
2835;31/08/2021;323;EB509;4
2836;31/08/2021;1728;DK201;2
2837;31/08/2021;1366;RK605;2
2838;31/08/2021;1270;BP104;5
2839;31/08/2021;429;TV813;3
2840;01/09/2021;1819;RS702;4
2841;01/09/2021;1489;BP102;3
2842;01/09/2021;286;BP107;4
2843;01/09/2021;570;TV806;5
2844;01/09/2021;230;DS307;2
2845;02/09/2021;137;EB521;2
2846;02/09/2021;627;DK204;3
2847;02/09/2021;1534;TV808;1
2848;03/09/2021;314;DK204;3
2849;03/09/2021;700;BP110;5
2850;03/09/2021;785;TV803;5
2851;03/09/2021;140;RK604;6
2852;03/09/2021;652;RK606;3
2853;03/09/2021;1934;DS307;4
2854;04/09/2021;1670;TV806;5
2855;04/09/2021;1386;EB501;6
2856;04/09/2021;1291;BP110;2
2857;04/09/2021;1088;TV802;3
2858;04/09/2021;1853;RS705;2
2859;05/09/2021;1855;EB520;3
2860;05/09/2021;649;RS706;6
2861;05/09/2021;286;EB516;5
2862;05/09/2021;1559;RK605;3
2863;05/09/2021;1037;RS707;2
2864;06/09/2021;261;EB514;1
2865;06/09/2021;1284;EB501;4
2866;06/09/2021;471;RK602;3
2867;06/09/2021;1151;DK206;3
2868;07/09/2021;387;BP104;4
2869;07/09/2021;1574;EB513;5
2870;07/09/2021;500;BP101;2
2871;07/09/2021;1404;DS304;6
2872;07/09/2021;1287;EB511;6
2873;07/09/2021;230;DS304;3
2874;08/09/2021;2052;DS305;6
2875;08/09/2021;14;DK201;3
2876;09/09/2021;92;BP106;5
2877;09/09/2021;177;EB519;4
2878;09/09/2021;1490;EB513;4
2879;09/09/2021;1048;DK207;6
2880;09/09/2021;224;TV805;4
2881;10/09/2021;1815;DK203;5
2882;10/09/2021;751;EB513;1
2883;10/09/2021;718;RK606;5
2884;10/09/2021;205;DK202;3
2885;11/09/2021;24;DK208;3
2886;11/09/2021;2000;DK209;3
2887;11/09/2021;349;DK203;4
2888;12/09/2021;1187;RS706;4
2889;12/09/2021;1282;EB517;4
2890;12/09/2021;1630;EB516;3
2891;13/09/2021;1648;EB501;5
2892;14/09/2021;1656;RS705;2
2893;14/09/2021;976;RS707;5
2894;14/09/2021;792;DK203;1
2895;14/09/2021;862;DS307;3
2896;15/09/2021;1880;RK605;3
2897;16/09/2021;1441;RS702;3
2898;16/09/2021;1227;EB521;2
2899;16/09/2021;2091;RK605;5
2900;16/09/2021;1406;RS704;6
2901;16/09/2021;2032;EB508;2
2902;17/09/2021;1441;RK607;2
2903;17/09/2021;856;EB512;2
2904;17/09/2021;853;DK203;5
2905;17/09/2021;248;TV807;3
2906;17/09/2021;358;RS702;3
2907;17/09/2021;967;EB506;2
2908;17/09/2021;504;DK209;3
2909;18/09/2021;1792;DK205;3
2910;18/09/2021;1478;DK201;3
2911;18/09/2021;1562;RS704;2
2912;19/09/2021;636;EB507;5
2913;19/09/2021;1931;EB513;1
2914;20/09/2021;1179;TV810;4
2915;20/09/2021;1832;EB516;4
2916;20/09/2021;104;TV805;4
2917;21/09/2021;1406;DK201;5
2918;21/09/2021;2079;BP102;1
2919;21/09/2021;1008;BP101;3
2920;21/09/2021;539;TV810;5
2921;21/09/2021;372;RS707;6
2922;22/09/2021;616;EB505;6
2923;23/09/2021;308;DS305;2
2924;24/09/2021;868;TV810;6
2925;24/09/2021;758;RS704;5
2926;24/09/2021;1125;BP108;2
2927;24/09/2021;1880;EB504;3
2928;24/09/2021;1579;RK603;2
2929;24/09/2021;1549;RK602;4
2930;25/09/2021;460;EB518;1
2931;25/09/2021;186;DK209;5
2932;25/09/2021;860;TV803;3
2933;25/09/2021;505;TV802;3
2934;25/09/2021;843;DK207;2
2935;25/09/2021;1872;EB509;2
2936;26/09/2021;435;DS305;5
2937;26/09/2021;995;EB520;2
2938;27/09/2021;311;BP102;2
2939;27/09/2021;725;BP110;2
2940;27/09/2021;1292;RS707;4
2941;27/09/2021;795;BP102;6
2942;28/09/2021;576;DS307;2
2943;28/09/2021;815;BP110;3
2944;28/09/2021;907;RS702;4
2945;29/09/2021;423;EB519;2
2946;29/09/2021;1346;EB516;3
2947;29/09/2021;726;TV803;4
2948;29/09/2021;817;EB513;5
2949;30/09/2021;1385;BP108;1
2950;30/09/2021;1795;DS305;3
2951;30/09/2021;529;EB503;6
2952;30/09/2021;1854;DS303;4
2953;01/10/2021;1180;EB521;2
2954;01/10/2021;206;DK205;3
2955;02/10/2021;481;TV801;4
2956;02/10/2021;112;DS307;4
2957;03/10/2021;224;DK208;4
2958;03/10/2021;1354;DK201;4
2959;03/10/2021;911;EB521;4
2960;03/10/2021;1446;RK603;2
2961;03/10/2021;585;DS306;3
2962;03/10/2021;944;BP102;3
2963;03/10/2021;2077;EB512;4
2964;04/10/2021;301;DS304;3
2965;04/10/2021;1523;EB518;4
2966;04/10/2021;1623;EB519;3
2967;04/10/2021;2070;EB511;2
2968;04/10/2021;1098;EB518;4
2969;05/10/2021;254;EB520;4
2970;05/10/2021;254;EB520;2
2971;05/10/2021;1239;DS307;4
2972;05/10/2021;1330;EB514;2
2973;05/10/2021;1997;EB506;3
2974;06/10/2021;1266;RK602;4
2975;06/10/2021;543;BP110;4
2976;06/10/2021;176;TV812;1
2977;07/10/2021;668;EB509;6
2978;07/10/2021;2062;TV810;1
2979;07/10/2021;1022;RK606;4
2980;08/10/2021;2038;EB516;4
2981;08/10/2021;2026;DS302;4
2982;08/10/2021;81;RK605;5
2983;09/10/2021;165;BP106;3
2984;09/10/2021;1005;EB505;1
2985;09/10/2021;1565;RK607;4
2986;09/10/2021;1061;TV806;4
2987;09/10/2021;1030;TV803;5
2988;10/10/2021;1132;TV813;2
2989;10/10/2021;255;RK606;5
2990;10/10/2021;1557;EB521;3
2991;10/10/2021;1582;BP109;4
2992;10/10/2021;1582;BP109;2
2993;11/10/2021;239;TV810;2
2994;11/10/2021;1585;BP110;3
2995;12/10/2021;1699;EB512;5
2996;12/10/2021;804;BP110;2
2997;13/10/2021;936;TV801;1
2998;13/10/2021;1011;TV804;2
2999;13/10/2021;950;TV806;3
3000;13/10/2021;573;TV805;4
3001;13/10/2021;1568;TV802;4
3002;13/10/2021;994;EB512;2
3003;13/10/2021;1505;RK605;5
3004;13/10/2021;2105;DK201;3
3005;14/10/2021;1232;TV805;3
3006;14/10/2021;1984;TV805;5
3007;14/10/2021;2062;EB513;1
3008;14/10/2021;125;TV811;2
3009;14/10/2021;1474;EB521;2
3010;14/10/2021;528;EB503;3
3011;15/10/2021;30;DS307;4
3012;15/10/2021;653;TV805;4
3013;15/10/2021;1340;EB508;5
3014;15/10/2021;1243;TV810;4
3015;15/10/2021;1529;DK203;5
3016;15/10/2021;104;EB512;2
3017;16/10/2021;1073;RS702;3
3018;16/10/2021;834;BP106;2
3019;17/10/2021;1458;DK202;3
3020;17/10/2021;1035;EB509;2
3021;18/10/2021;408;BP101;4
3022;18/10/2021;290;TV803;3
3023;19/10/2021;2099;DK204;3
3024;19/10/2021;686;DK209;5
3025;19/10/2021;994;EB516;4
3026;19/10/2021;1878;RS704;5
3027;19/10/2021;1705;DK202;3
3028;19/10/2021;1819;TV801;4
3029;20/10/2021;907;TV811;2
3030;20/10/2021;872;BP106;5
3031;20/10/2021;1394;DK207;1
3032;21/10/2021;1079;RK606;4
3033;21/10/2021;331;EB514;5
3034;21/10/2021;1325;RS705;3
3035;21/10/2021;1351;TV805;4
3036;21/10/2021;269;DK205;1
3037;22/10/2021;475;RK606;4
3038;22/10/2021;1957;EB514;3
3039;22/10/2021;1051;DK208;5
3040;23/10/2021;470;BP109;2
3041;23/10/2021;2120;DK203;3
3042;23/10/2021;1289;RK606;3
3043;23/10/2021;929;EB514;5
3044;24/10/2021;1281;BP109;5
3045;24/10/2021;305;TV806;2
3046;24/10/2021;1354;DK205;2
3047;25/10/2021;950;EB514;3
3048;25/10/2021;496;RS703;1
3049;26/10/2021;1804;EB519;3
3050;26/10/2021;61;DS307;3
3051;26/10/2021;583;RK605;1
3052;26/10/2021;1607;RK604;3
3053;27/10/2021;1966;DK209;4
3054;27/10/2021;9;DS305;5
3055;27/10/2021;9;DS305;3
3056;27/10/2021;1151;DS305;4
3057;28/10/2021;2090;TV813;2
3058;28/10/2021;1014;TV802;4
3059;28/10/2021;673;TV811;3
3060;28/10/2021;35;DS304;2
3061;29/10/2021;136;TV802;3
3062;29/10/2021;347;TV806;1
3063;29/10/2021;1740;BP107;5
3064;29/10/2021;1714;DS304;2
3065;29/10/2021;1926;DS303;3
3066;30/10/2021;504;RK604;3
3067;30/10/2021;63;DS306;2
3068;30/10/2021;1956;BP110;3
3069;30/10/2021;1448;DS303;2
3070;30/10/2021;1028;EB504;4
3071;31/10/2021;1018;DK208;2
3072;31/10/2021;711;EB504;1
3073;31/10/2021;514;DS303;4
3074;31/10/2021;1198;RK606;2
3075;01/11/2021;1276;RK606;2
3076;01/11/2021;33;BP110;4
3077;01/11/2021;1891;EB502;5
3078;01/11/2021;545;DS306;4
3079;01/11/2021;1598;TV808;2
3080;01/11/2021;1493;DK201;3
3081;02/11/2021;1931;EB504;3
3082;02/11/2021;1261;RK604;3
3083;02/11/2021;95;TV802;6
3084;02/11/2021;585;BP106;2
3085;03/11/2021;828;RS705;3
3086;03/11/2021;994;EB501;4
3087;03/11/2021;558;RK604;4
3088;03/11/2021;1656;DK206;2
3089;03/11/2021;283;DS301;1
3090;04/11/2021;779;EB520;4
3091;04/11/2021;1863;EB516;5
3092;05/11/2021;908;EB516;4
3093;05/11/2021;1188;RS707;2
3094;05/11/2021;1317;EB519;5
3095;05/11/2021;317;RS705;2
3096;05/11/2021;662;BP102;4
3097;06/11/2021;605;TV805;5
3098;06/11/2021;1884;BP102;6
3099;06/11/2021;1816;BP107;5
3100;07/11/2021;697;EB505;3
3101;07/11/2021;797;EB519;2
3102;07/11/2021;1801;TV802;4
3103;07/11/2021;92;DS304;2
3104;07/11/2021;1603;TV809;2
3105;07/11/2021;1137;DK202;2
3106;08/11/2021;607;TV810;3
3107;08/11/2021;1865;EB513;2
3108;08/11/2021;787;DS307;5
3109;08/11/2021;385;EB521;5
3110;08/11/2021;267;RS706;3
3111;08/11/2021;1178;TV803;4
3112;08/11/2021;472;RK604;5
3113;08/11/2021;1230;DK202;5
3114;08/11/2021;652;DS306;5
3115;08/11/2021;1591;RK606;2
3116;09/11/2021;1406;EB501;5
3117;09/11/2021;1796;RS702;1
3118;09/11/2021;206;EB503;5
3119;09/11/2021;876;BP105;2
3120;09/11/2021;2064;EB521;5
3121;09/11/2021;729;TV812;5
3122;10/11/2021;941;DK201;3
3123;10/11/2021;1166;EB505;5
3124;10/11/2021;496;EB507;5
3125;11/11/2021;788;EB502;5
3126;11/11/2021;1762;DS302;5
3127;11/11/2021;646;TV806;2
3128;12/11/2021;1956;EB501;2
3129;12/11/2021;1392;TV812;2
3130;12/11/2021;1001;BP105;5
3131;12/11/2021;1113;EB513;5
3132;12/11/2021;902;DK203;1
3133;13/11/2021;956;TV807;4
3134;13/11/2021;760;DK207;5
3135;13/11/2021;141;EB520;6
3136;13/11/2021;1765;EB517;2
3137;14/11/2021;147;TV811;3
3138;15/11/2021;451;RK604;6
3139;15/11/2021;882;DK209;2
3140;16/11/2021;502;RS703;2
3141;16/11/2021;900;BP105;4
3142;16/11/2021;2096;RS703;2
3143;17/11/2021;1916;EB507;1
3144;18/11/2021;1;BP102;5
3145;18/11/2021;36;TV802;6
3146;18/11/2021;1910;EB501;4
3147;18/11/2021;371;RK602;3
3148;19/11/2021;754;DK206;4
3149;19/11/2021;588;EB507;2
3150;19/11/2021;1279;RK605;5
3151;19/11/2021;1813;DS306;6
3152;19/11/2021;741;BP110;4
3153;19/11/2021;982;BP110;4
3154;19/11/2021;1878;EB506;3
3155;20/11/2021;1867;EB501;4
3156;21/11/2021;18;EB503;3
3157;21/11/2021;697;RK602;3
3158;21/11/2021;379;BP101;2
3159;21/11/2021;1808;DS302;2
3160;21/11/2021;694;BP110;4
3161;21/11/2021;852;EB521;3
3162;21/11/2021;1330;TV803;3
3163;21/11/2021;1214;DK203;6
3164;21/11/2021;627;EB505;3
3165;22/11/2021;1400;EB505;5
3166;22/11/2021;1299;DK204;4
3167;22/11/2021;901;BP107;2
3168;22/11/2021;1066;RK605;4
3169;22/11/2021;374;BP110;4
3170;22/11/2021;971;EB517;4
3171;23/11/2021;437;RS702;5
3172;23/11/2021;439;BP109;5
3173;23/11/2021;1748;RS702;2
3174;23/11/2021;924;RS703;3
3175;24/11/2021;608;EB520;4
3176;24/11/2021;624;TV807;6
3177;24/11/2021;1919;TV809;3
3178;24/11/2021;1953;EB513;3
3179;25/11/2021;83;DS304;2
3180;25/11/2021;1702;RS703;4
3181;25/11/2021;1875;RK605;3
3182;25/11/2021;1938;RK604;3
3183;26/11/2021;811;BP101;2
3184;26/11/2021;1675;TV812;4
3185;26/11/2021;942;BP110;6
3186;26/11/2021;1660;TV812;3
3187;27/11/2021;258;TV809;4
3188;27/11/2021;1870;DS305;4
3189;27/11/2021;1853;EB506;3
3190;27/11/2021;1293;TV808;4
3191;27/11/2021;1835;DK205;5
3192;27/11/2021;1747;RK602;3
3193;27/11/2021;2103;BP108;5
3194;27/11/2021;665;TV805;4
3195;27/11/2021;1479;TV812;3
3196;28/11/2021;1568;TV813;1
3197;28/11/2021;468;TV804;2
3198;28/11/2021;1488;DK205;5
3199;29/11/2021;1949;DK208;1
3200;29/11/2021;322;DK207;5
3201;29/11/2021;1288;DK208;6
3202;29/11/2021;1743;TV805;5
3203;29/11/2021;650;RS707;4
3204;30/11/2021;765;DS307;5
3205;30/11/2021;13;DS306;4
3206;30/11/2021;471;DK206;3
3207;30/11/2021;161;EB518;1
3208;30/11/2021;209;DK209;6
3209;30/11/2021;1363;BP101;4
3210;01/12/2021;308;TV812;5
3211;02/12/2021;1767;DS305;3
3212;02/12/2021;1553;EB517;5
3213;02/12/2021;73;DS306;4
3214;02/12/2021;1105;EB516;5
3215;03/12/2021;1982;EB508;1
3216;03/12/2021;678;EB509;3
3217;03/12/2021;469;BP102;2
3218;03/12/2021;247;EB516;3
3219;04/12/2021;628;DK209;2
3220;04/12/2021;1094;RS705;6
3221;05/12/2021;1107;DK203;2
3222;05/12/2021;1361;TV810;5
3223;05/12/2021;1992;DK201;6
3224;05/12/2021;2057;TV811;5
3225;05/12/2021;1352;RK603;4
3226;05/12/2021;399;TV808;3
3227;06/12/2021;1409;DK205;4
3228;06/12/2021;792;TV807;3
3229;06/12/2021;991;EB517;5
3230;06/12/2021;1111;EB509;5
3231;06/12/2021;716;TV803;4
3232;06/12/2021;1472;EB508;4
3233;06/12/2021;1204;DK204;4
3234;06/12/2021;879;EB512;3
3235;07/12/2021;575;TV808;3
3236;07/12/2021;1547;EB521;4
3237;07/12/2021;1294;RS705;4
3238;08/12/2021;1679;DS301;4
3239;08/12/2021;1115;TV811;3
3240;08/12/2021;568;DS301;5
3241;08/12/2021;463;RS704;2
3242;08/12/2021;895;EB516;3
3243;08/12/2021;142;EB521;3
3244;08/12/2021;335;RS705;3
3245;09/12/2021;679;DS303;3
3246;09/12/2021;1247;BP109;4
3247;10/12/2021;1389;RK604;2
3248;10/12/2021;636;EB516;3
3249;10/12/2021;1907;DK208;5
3250;10/12/2021;1487;DK205;5
3251;10/12/2021;1482;BP107;3
3252;10/12/2021;1078;DS306;5
3253;10/12/2021;2019;DS306;5
3254;10/12/2021;595;TV810;6
3255;11/12/2021;658;DK208;4
3256;11/12/2021;593;EB501;2
3257;11/12/2021;118;RK604;4
3258;11/12/2021;980;EB516;2
3259;11/12/2021;454;TV809;3
3260;12/12/2021;793;BP109;4
3261;12/12/2021;533;EB514;4
3262;12/12/2021;443;RS703;3
3263;13/12/2021;358;TV811;1
3264;13/12/2021;951;TV805;4
3265;13/12/2021;964;TV802;6
3266;14/12/2021;256;EB504;4
3267;14/12/2021;928;EB513;2
3268;14/12/2021;998;DS306;5
3269;14/12/2021;1644;RK605;2
3270;15/12/2021;321;TV811;1
3271;15/12/2021;1876;DK204;4
3272;15/12/2021;1399;DS303;3
3273;15/12/2021;1442;EB519;6
3274;15/12/2021;1492;TV812;2
3275;15/12/2021;260;EB503;4
3276;16/12/2021;1396;EB517;2
3277;17/12/2021;775;RS706;5
3278;17/12/2021;653;BP109;5
3279;17/12/2021;317;TV802;1
3280;18/12/2021;1126;TV808;4
3281;18/12/2021;1624;EB505;4
3282;18/12/2021;921;TV801;2
3283;18/12/2021;1525;TV802;3
3284;18/12/2021;1895;EB511;5
3285;19/12/2021;2050;DS304;3
3286;19/12/2021;593;EB519;3
3287;19/12/2021;78;DK203;6
3288;19/12/2021;1850;DS305;2
3289;19/12/2021;1815;TV809;1
3290;19/12/2021;1227;EB517;2
3291;20/12/2021;1084;RS703;3
3292;21/12/2021;1403;EB501;2
3293;21/12/2021;821;EB517;2
3294;21/12/2021;1625;DK208;3
3295;21/12/2021;1224;DS306;2
3296;22/12/2021;1993;DS301;4
3297;22/12/2021;1099;TV801;6
3298;22/12/2021;365;RK603;5
3299;22/12/2021;170;BP107;5
3300;23/12/2021;1426;EB516;6
3301;23/12/2021;879;BP101;4
3302;23/12/2021;2066;RS704;2
3303;24/12/2021;719;RK605;3
3304;24/12/2021;1546;RK604;3
3305;24/12/2021;1357;DK207;3
3306;25/12/2021;1910;BP105;3
3307;25/12/2021;365;DK209;1
3308;25/12/2021;1039;DS307;2
3309;25/12/2021;1019;BP107;6
3310;25/12/2021;1267;DK201;3
3311;25/12/2021;1898;TV809;2
3312;25/12/2021;194;BP110;2
3313;26/12/2021;1566;DK204;3
3314;26/12/2021;910;RK607;4
3315;26/12/2021;1386;EB520;6
3316;26/12/2021;1664;EB517;1
3317;26/12/2021;644;BP102;3
3318;27/12/2021;496;DK203;3
3319;27/12/2021;1822;RS705;3
3320;27/12/2021;938;DK208;5
3321;27/12/2021;1291;RK606;4
3322;27/12/2021;1170;EB516;3
3323;28/12/2021;617;DK202;6
3324;28/12/2021;419;DK202;3
3325;28/12/2021;1949;DK201;4
3326;29/12/2021;27;DS301;3
3327;29/12/2021;1389;BP109;3
3328;29/12/2021;1836;RS702;4
3329;29/12/2021;922;RK602;3
3330;30/12/2021;875;EB513;4
3331;30/12/2021;1461;DS303;4
3332;31/12/2021;1214;DS307;3
3333;31/12/2021;1439;TV807;3
3334;31/12/2021;625;DS302;5
3335;31/12/2021;410;TV810;2
3336;31/12/2021;520;RS707;5
3337;31/12/2021;582;RK602;4
3338;31/12/2021;1225;TV810;5
3340;15/11/2021;5;EB508;2
